parcel_number,date,price,price_sqft
6357012043,9/28/20,469000,346
2356037034,9/28/20,1910000,849
3242015023,9/28/20,325000,224
8594027016,9/28/20,738000,439
7258013016,9/28/20,1185000,605
6140031021,9/28/20,560000,475
2319019018,9/28/20,715000,552
5646016007,9/28/20,1475000,310
2779041005,9/28/20,1480000,266
3203064032,9/28/20,442000,
4039025026,9/28/20,530000,831
5767037042,9/28/20,2050000,777
2204012001,9/28/20,690000,483
4334023045,9/28/20,1975000,1058
5853019011,9/28/20,988000,389
7217013099,9/28/20,607000,372
4057014001,9/28/20,651500,547
2269005007,9/28/20,50000,34
8422027007,9/28/20,630000,320
5526009017,9/28/20,2272500,1291
3244155013,9/28/20,875000,246
8161013017,9/28/20,570000,524
7265004087,9/28/20,775000,622
8075008001,9/28/20,499000,446
7508014014,9/28/20,2238000,593
4286020034,9/28/20,3746000,1239
8575005014,9/28/20,850000,379
3203064026,9/28/20,484500,
8654013012,9/28/20,630000,562
2424007023,9/28/20,750000,361
5550019089,9/28/20,865000,524
4276001042,9/28/20,1310000,1065
7075028015,9/28/20,992500,
4229003097,9/28/20,1120000,631
4133013064,9/28/20,986500,587
5704027002,9/28/20,1408000,720
3020040001,9/28/20,380000,152
3125013001,9/28/20,440000,200
8735032014,9/28/20,805000,393
2468007116,9/28/20,420000,447
8431028006,9/28/20,562000,
4270007027,9/28/20,1500000,1207
7541030004,9/28/20,1325000,969
5432002029,9/28/20,1020000,797
8062013005,9/28/20,645000,483
7432003029,9/28/20,1020000,230
5343013038,9/28/20,600000,347
7559016018,9/28/20,960000,622
7189033003,9/28/20,850000,518
2215015063,9/28/20,805000,516
5523026018,9/28/20,930000,1084
2157014066,9/28/20,1485000,1467
7130028017,9/28/20,575000,569
5505025012,11/13/97,850000,230
5456010003,9/28/20,640000,327
2678005030,9/28/20,680000,538
2701012062,4/11/90,360000,161
4232004010,9/28/20,1145000,784
2826080045,2/17/11,430000,265
3003082010,9/28/20,365000,236
4392014069,9/28/20,1587500,1379
8653028058,9/28/20,726000,449
8410016009,9/28/20,650000,293
7425001008,9/28/20,500000,563
7503022037,9/28/20,1073000,569
3244058019,9/28/20,574000,478
3003086053,9/28/20,350000,130
5092027019,12/26/96,185000,113
7183023009,9/28/20,863000,472
8528008060,9/28/20,600000,519
2157008023,9/28/20,515000,413
6206003002,9/28/20,535000,306
4110016035,9/28/20,1500000,1103
4295011051,9/28/20,935000,619
3206030042,9/28/20,430000,180
4254025067,9/28/20,726500,722
5591011004,9/28/20,1528000,892
2861054101,9/28/20,310000,447
3023046086,9/28/20,320000,200
5846007012,6/29/15,1200000,537
3150075043,9/28/20,352500,
6225009036,9/28/20,740000,339
5217005015,12/4/15,420000,350
7157007031,9/28/20,555000,314
6141025023,9/28/20,328000,234
5062007001,9/28/20,700000,599
2020022013,9/28/20,835000,362
4205033016,1/30/20,23943000,
8360016038,9/28/20,600000,358
6148021026,9/28/20,455000,480
5364010015,9/28/20,989000,642
8586010063,9/28/20,1112000,490
4301016029,9/28/20,1440000,970
5523007019,9/28/20,1875000,1121
8470032006,9/28/20,633000,415
6067018009,9/28/20,420000,349
2181004021,9/28/20,785000,779
7363022011,9/28/20,718000,358
2717017033,9/28/20,833000,400
2151032074,9/28/20,765000,449
5337014040,9/28/20,543000,379
2080003017,9/28/20,1265000,531
5550024035,9/28/20,755000,573
4326037109,3/23/07,3900000,1115
5538014002,9/28/20,1155000,914
5439011024,9/28/20,1240000,611
2836052006,8/25/94,179000,119
2250003180,9/28/20,470000,444
3111032021,5/11/09,325000,89
5063019036,9/28/20,860000,444
7054028033,9/28/20,679000,617
3153099015,9/28/20,381500,206
2412024011,8/15/01,265000,245
2627017027,9/28/20,557000,457
4339015038,9/28/20,475000,786
4276022033,9/28/20,1266000,1034
8678048008,9/28/20,915000,376
4414008012,9/28/20,3340000,1231
4048001023,9/28/20,817000,425
7125025004,9/28/20,585000,302
3153032080,9/28/20,413000,237
8359015004,9/14/20,125000,67
3023034029,9/28/20,285000,200
5246027021,10/3/07,478000,312
2701012030,9/28/20,630000,361
7465014016,9/28/20,682000,444
4309006020,9/28/20,1650000,1093
4281020040,9/28/20,932500,713
5437015030,9/28/20,1289000,743
4125013097,9/28/20,549000,443
6001005019,9/28/20,690000,542
3244070144,9/28/20,420000,404
2276015146,9/28/20,800000,471
3101007020,9/28/20,490000,215
4076009077,9/28/20,500000,372
7567010035,9/28/20,3365000,1008
5218020036,9/28/20,670000,423
2803038185,9/28/20,365000,339
2004015018,9/28/20,854000,411
8395009019,9/28/20,833000,333
7404035011,9/28/20,695000,203
7238005019,9/28/20,720000,501
2727018032,9/28/20,785000,293
8567006054,9/28/20,602000,345
3244069011,9/28/20,610000,477
6106013140,9/28/20,670000,379
4237006029,9/22/20,1500000,992
3203064030,9/28/20,402000,
2292017025,2/17/12,825000,238
6310024031,9/28/20,420000,331
2866038003,9/28/20,780000,258
2203001016,9/28/20,605000,432
2277001007,9/28/20,1530000,836
7574015026,9/28/20,1021000,498
2078009074,9/28/20,675000,342
4174010003,9/28/20,3950000,847
7061030003,9/28/20,815000,435
4113003027,9/28/20,1660000,638
5851025023,9/28/20,917000,817
2180017005,9/27/02,,
7273014009,9/28/20,1250000,250
5646016008,9/28/20,1475000,
8302026025,9/28/20,504000,259
4118013194,9/28/20,785000,542
8205020036,9/28/20,680000,471
2829029041,9/28/20,1159000,305
7138016014,9/28/20,965000,442
4118018094,9/28/20,735000,663
2162014056,9/28/20,712000,343
6321009012,9/28/20,800000,277
2110006007,9/28/20,652000,387
6155032030,9/28/20,317000,206
7245025002,9/28/20,3200000,957
8036014033,9/28/20,620000,492
3129029001,9/28/20,419000,207
4145045185,9/28/20,850000,582
2353027057,9/28/20,715000,464
6243001012,9/28/20,630000,384
2277011016,9/28/20,1250000,513
5526007017,9/28/20,1187000,1086
2401048105,9/28/20,610000,381
2701071071,9/28/20,930000,350
4171003028,9/28/20,2550000,1616
6176013016,9/28/20,1120000,294
2314014034,9/28/20,690000,478
4187014087,11/29/16,1428000,
2317014007,9/28/20,2592500,252
5637020045,9/28/20,535000,476
7265012224,9/28/20,436000,461
7178008009,9/28/20,615000,563
4234001012,9/28/20,1210000,887
4229002003,9/28/20,1700000,600
5427012017,9/28/20,1500000,1215
2718012034,9/25/20,829000,331
5466030009,9/28/20,763500,1111
2864007046,9/28/20,283500,352
5167015049,9/28/20,337000,338
4244004033,9/28/20,1646500,1486
2812033040,9/28/20,640000,422
7264016003,9/28/20,1391500,537
2605025023,9/28/20,540000,491
2146040001,9/28/20,465000,517
8135005025,9/28/20,672000,343
2471049005,9/28/20,2470000,451
3214006019,9/28/20,739500,358
5696024031,9/28/20,860000,447
2851003053,9/28/20,435000,413
3229018015,9/28/20,364000,174
2362028050,9/28/20,699500,551
2638004022,9/28/20,640000,506
7075028031,9/28/20,940000,369
2839005038,9/28/20,445000,282
8717025067,9/28/20,339000,372
7418026031,5/16/01,263000,32
3242015022,9/28/20,325000,
7219006021,9/28/20,600000,460
8646021008,9/28/20,489500,363
5525030060,9/28/20,639000,895
3225040017,9/25/20,320000,205
4241019010,9/25/20,1725000,1797
5634010006,9/25/20,865000,858
2506027019,9/1/04,350000,213
5715013004,9/25/20,1717000,1071
7442029141,9/25/20,589000,376
6046010029,9/25/20,370000,
3110018001,9/25/20,245000,262
5847025010,9/25/20,1050000,588
2308013015,9/25/20,750000,593
2609026042,9/25/20,950000,369
8555015003,9/25/20,477000,557
5040014005,9/25/20,1200000,405
7157022032,9/25/20,775000,544
2811040009,9/25/20,900000,318
8624003060,5/23/18,380000,250
8422005020,9/25/20,580500,482
2861067030,9/25/20,1550000,348
4416015061,9/25/20,3220000,1813
7556020044,9/25/20,1525000,787
7514010001,9/25/20,2439000,856
3047018003,9/25/20,25000,
7220003061,9/25/20,510000,395
4380010023,9/25/20,2400000,3859
8457007007,9/25/20,585000,371
2822035029,9/25/20,1015000,441
2609009011,9/25/20,1795000,296
2159022036,9/25/20,680000,848
2027008015,9/25/20,865000,398
8226014005,9/25/20,525000,646
5041022010,12/6/17,510000,546
2409011033,9/25/20,650000,594
4095003034,9/25/20,813500,698
5244027015,9/25/20,475000,495
2217032069,9/25/20,550000,372
5425022015,9/25/20,1925000,945
2139003018,9/25/20,655000,494
7263026004,6/13/19,750000,419
8402010037,9/25/20,705000,341
2353026033,9/25/20,580000,523
5359007046,9/25/20,660000,592
2812082233,9/25/20,436000,311
2209001010,9/25/20,570000,507
4044003007,9/25/20,2075000,278
7058005002,9/25/20,505000,526
8488019004,9/24/20,585000,558
7257025047,9/25/20,485000,526
8244013014,9/25/20,597000,526
8366018009,9/25/20,474000,342
8167020022,9/25/20,575000,500
7458026024,9/25/20,745000,566
8231030021,9/25/20,815000,526
4215009004,9/25/20,1580000,677
2079019044,9/25/20,1550000,487
4167009021,9/25/20,1740000,1030
2153034016,9/25/20,1000000,497
4134010216,9/25/20,270000,272
8493041111,9/25/20,260000,269
2826161174,9/25/20,585000,353
2414015020,9/25/20,600000,524
5369010024,9/25/20,805000,652
5343002008,9/25/20,1080000,338
4402026012,11/2/07,3998181,753
8323009024,9/25/20,363000,372
2408012113,9/25/20,412000,309
5778006018,9/25/20,650000,422
7310005035,9/25/20,610000,403
2809008010,9/25/20,600000,364
8673038027,9/25/20,1680000,373
7557022004,9/25/20,900000,595
2424003069,9/25/20,670000,465
5723021039,9/25/20,652000,615
4211025084,9/25/20,855000,707
2415022020,9/25/20,605000,500
8605003041,9/25/20,1500000,250
2555013034,9/25/20,505000,549
3122031005,9/25/20,450000,243
3072007005,9/25/20,75000,
2841037029,9/25/20,740000,265
2377016010,9/25/20,910000,632
5321035014,9/25/20,1150000,508
2136015005,9/25/20,325000,270
2415012022,6/13/95,114000,110
8163012010,9/25/20,620000,444
8395005016,8/27/97,218000,133
2854022009,9/25/20,535000,393
8404016032,10/8/92,199818,139
5647016021,9/25/20,1111000,600
2812112029,9/25/20,557000,274
5711014019,9/25/20,739000,561
6027008014,9/25/20,354000,506
5312025042,9/25/20,1091000,641
5335006001,9/25/20,2250000,526
4201007008,9/25/20,2139000,629
2810004006,9/25/20,560000,450
8531022088,9/25/20,367000,410
8291012002,9/25/20,1080000,376
8518024003,9/25/20,610000,488
8552022104,9/25/20,579000,297
3080007017,9/25/20,10000,
4494015007,9/25/20,3400000,800
8615003009,9/25/20,595000,248
5226032008,9/25/20,480000,401
3204020070,3/15/91,291000,81
2248007134,9/25/20,412000,527
8217027017,9/25/20,599000,486
5439013003,9/25/20,1980000,542
4258003037,9/25/20,2089000,859
7163005006,9/25/20,550000,453
7214009021,9/25/20,430000,376
3129008022,9/25/20,405000,232
2836059011,9/25/20,776000,259
6153012030,9/25/20,406000,604
4145045046,9/25/20,877000,522
3065024009,9/25/20,565000,175
2822005027,9/25/20,900000,326
8717023108,9/25/20,330000,388
3206029007,9/25/20,480000,155
5524021023,9/25/20,3200000,1047
2865025020,9/25/20,540000,449
4380010022,9/25/20,2400000,1402
8447007014,9/25/20,935000,373
5643009060,6/8/93,240000,150
8639007001,9/25/20,646000,439
8765013024,9/25/20,790000,340
2455007025,9/25/20,630000,465
8704045059,9/25/20,450000,317
7348003010,9/25/20,685000,404
7220003062,9/25/20,610000,473
7214009016,9/25/20,431000,377
6372006017,9/25/20,540000,485
5601022022,9/25/20,870000,525
5783007046,9/25/20,610000,387
3023079052,9/25/20,320000,245
7448021021,9/25/20,790000,630
7246022077,9/25/20,350000,505
5565042012,9/25/20,4700000,1338
3126033089,9/25/20,420000,213
6217024020,9/25/20,575000,273
5401020012,9/25/20,1026000,1000
3153075014,9/25/20,405000,159
2103026138,9/25/20,315000,368
2865013076,9/25/20,410000,285
4408010017,9/25/20,7400000,1267
4281029069,9/25/20,2125000,1310
5466005007,9/25/20,2724545,3870
4230032082,9/25/20,840000,656
8160013004,9/25/20,575000,556
2069030060,9/25/20,1920000,432
6134023003,9/25/20,450000,541
4168003002,1/28/88,160000,152
2812082188,9/25/20,495000,326
2166002022,9/25/20,1397000,570
2856011123,9/25/20,227500,424
3012007005,9/25/20,250000,231
7585017133,9/25/20,695000,496
2421019010,9/25/20,1225000,658
2123017014,9/25/20,788000,712
5556012021,9/25/20,1025000,1178
8313010020,9/25/20,645000,408
5325009023,9/25/20,1900000,662
5321036023,9/25/20,811000,503
5311003077,9/25/20,1070000,631
8392030063,9/25/20,1000000,
4333010036,12/23/94,485000,223
3244037173,9/25/20,280000,400
3119022037,9/25/20,325000,228
2017028040,9/25/20,1320000,265
7182011019,9/25/20,1275000,477
4174016012,9/25/20,1900000,1656
2052033067,9/25/20,2449500,345
8108020001,9/25/20,480000,408
2148017004,9/25/20,617000,445
5279032136,9/25/20,425000,482
5587013040,9/25/20,4500000,1319
2173002035,9/25/20,1085000,454
3052047003,9/25/20,600000,157
8231038051,9/25/20,385000,401
2423008023,2/26/99,254500,129
6304024003,9/25/20,3300000,
3029024013,9/25/20,355000,225
2146038140,9/25/20,1759091,1912
5059025016,9/25/20,1760000,688
3023026076,9/25/20,410000,170
2810009008,9/25/20,530000,384
5419008057,9/25/20,935000,598
8396014021,9/25/20,770000,371
8713036034,9/25/20,1130000,415
4332005009,2/10/06,900000,569
2075025055,9/25/20,1090000,516
7588019003,9/25/20,1649000,606
4265005037,9/25/20,950000,631
8740006044,9/25/20,582000,371
5013024023,9/25/20,835000,654
5844003061,9/25/20,475000,611
3204048056,9/25/20,400000,275
2221004020,9/25/20,1475000,1366
8042025013,9/25/20,590000,458
2763016015,9/25/20,640000,446
5385016026,9/25/20,895000,583
7260020010,9/25/20,630000,508
5514003001,9/25/20,2575000,612
4295002018,9/25/20,2770000,730
2810015006,9/25/20,710000,233
5317041013,9/25/20,1100000,666
2231012018,9/25/20,647000,583
2859016018,7/15/11,320000,224
3001136023,9/25/20,540000,168
2733009014,3/3/04,270000,433
2684016004,9/23/20,610000,389
2779010166,9/25/20,349000,328
7281006064,9/25/20,634000,446
5379017006,9/25/20,610000,362
7217015074,9/25/20,555000,345
2265022062,9/25/20,590000,472
5323012026,9/25/20,1967500,802
2164012006,9/25/20,1273000,647
7465015033,9/25/20,618000,385
2276027026,9/25/20,3275000,779
2785013044,9/25/20,699000,388
2683024001,9/25/20,780000,555
4169005011,9/25/20,3087000,908
8429024005,9/25/20,625000,469
4328006029,9/25/20,1250000,699
5559023014,9/25/20,3275000,1179
7379001002,9/25/20,2775000,827
4327012045,9/25/20,1050000,515
3124018082,9/25/20,400000,181
6012004041,9/25/20,1697727,1974
7278005068,9/25/20,295000,629
7460032003,9/25/20,400000,384
8654013013,8/7/20,685000,398
5554024041,9/25/20,555000,515
7257023002,9/25/20,735000,750
8764001109,9/25/20,520000,345
2656010120,9/25/20,395000,388
5523014059,9/25/20,450000,618
2106012067,9/25/20,745000,323
2571005059,9/25/20,760000,625
8130012004,9/25/20,550000,573
8102038039,9/25/20,1450000,223
5754026038,9/25/20,1455000,624
7445004200,9/25/20,525000,367
3204059032,9/25/20,415000,167
5384005033,9/25/20,808000,431
6217007045,9/25/20,426000,692
2125024009,9/25/20,560000,537
5174013012,9/25/20,3150000,374
4077024001,9/25/20,757000,423
2826106068,9/25/20,955000,256
3003005033,9/25/20,455000,167
5360003022,10/3/05,585000,416
2367001084,9/25/20,592000,599
6044014030,9/25/20,380000,266
8620015026,9/25/20,567500,321
3140022016,8/19/09,72000,69
5585016023,9/25/20,1725000,1183
2401048186,9/25/20,655000,409
6146002016,9/25/20,510000,599
2508019061,9/25/20,450000,391
8037051041,9/25/20,660000,462
8728018027,9/25/20,763500,297
8732021070,9/25/20,372000,352
6020015016,9/25/20,825000,227
2811023002,9/25/20,685000,435
8390021032,9/25/20,562000,488
5462025012,6/14/17,752500,725
7034018039,9/25/20,415000,548
2156015044,9/25/20,1164500,317
4392001007,9/25/20,3050000,1471
6345026008,9/25/20,950000,291
2167003005,9/25/20,761000,509
2809019006,9/25/20,775500,328
2074027045,9/25/20,1150000,473
8448041027,9/25/20,950000,358
5066015008,9/25/20,1465000,863
5036002014,9/25/20,900000,365
8041008015,9/25/20,685000,484
2507015019,9/25/20,660000,349
4265014082,9/25/20,1100000,551
4239024031,9/25/20,2165000,1203
8318035034,9/25/20,335000,323
7350002077,9/25/20,410000,428
8293052004,11/21/12,579000,238
2842020116,9/25/20,538000,423
7220003100,9/25/20,579000,496
5591025011,9/25/20,1225000,727
2825016011,2/10/14,209000,212
2228024001,9/25/20,865000,581
7225026009,8/2/16,1075000,366
7137023034,9/25/20,880000,557
7147007023,9/25/20,835000,587
3024037010,9/25/20,405000,129
5646026024,9/25/20,872000,712
3302015019,9/25/20,49000,
7451012008,9/25/20,501000,298
2582040154,9/25/20,452000,362
6351011032,9/25/20,494000,548
6280017020,9/25/20,495000,454
5321038017,9/25/20,1760000,329
5582019009,9/25/20,2450000,1140
8293048010,9/25/20,505000,409
7154023001,9/25/20,737000,391
8040014058,9/25/20,730000,401
4359022036,12/13/95,220000,142
3054016001,9/25/20,720000,223
7445010124,9/25/20,415000,432
2517014133,9/25/20,355000,303
3153089073,9/25/20,450000,167
6105016041,9/25/20,1100000,595
2690010006,9/25/20,1000500,432
8713007139,9/25/20,618000,294
4283029026,9/25/20,2500000,454
2812104034,9/25/20,499000,237
3150075050,9/25/20,390000,
2842023018,9/25/20,603500,535
4153005025,9/25/20,2875000,449
2146039085,9/25/20,474000,465
4312003027,9/25/20,1075000,831
7480050035,9/25/20,586000,498
2258005032,9/25/20,3370000,558
6114010101,9/25/20,235000,248
4404023012,10/17/17,4355000,1265
5549031032,9/25/20,2063000,548
4416006039,9/25/20,296000,499
5301014026,8/11/89,78500,78
3052078014,9/25/20,383000,173
4431037025,9/25/20,2346000,762
5435007034,9/25/20,1000000,836
5554020065,9/25/20,525000,771
2826051151,2/22/19,396500,412
4360034096,9/25/20,650000,736
2118005007,9/25/20,560000,488
8762031044,9/25/20,690000,523
4239013025,9/25/20,2875000,969
4241019005,9/25/20,2325000,1215
5172024009,9/25/20,500000,209
2606012027,9/25/20,830000,442
4022021010,9/25/20,375000,434
2278014016,9/25/20,1833000,817
2615011008,9/25/20,595000,386
2040004041,9/25/20,801000,564
7379001011,9/25/20,2775000,539
2425024020,9/25/20,1287000,727
2360003021,9/25/20,1100000,520
2842031007,9/25/20,718000,360
3023036080,9/25/20,320500,263
2108033025,9/25/20,650000,445
2063039088,9/25/20,866000,464
8486031014,9/25/20,763000,273
5180010031,8/8/18,335000,161
2365004014,9/25/20,2368000,806
2045019015,9/25/20,990000,451
2701057234,9/25/20,750000,407
2259001012,2/1/12,400000,264
2854069030,9/25/20,795000,232
4262005046,9/25/20,655000,740
2809009020,9/25/20,552000,335
2114017004,9/25/20,605000,387
2217032080,9/25/20,550000,372
5347018082,9/24/07,400000,282
2810052015,9/25/20,819000,279
8313028024,9/25/20,475000,308
8105001086,9/25/20,543000,364
4181021010,9/25/20,3700000,1014
3006021017,9/25/20,265000,263
2331018016,9/25/20,875000,688
2167014001,9/25/20,957000,742
2365005014,9/25/20,3750000,2042
2325013011,9/25/20,800000,490
5691020039,9/25/20,1110500,646
3119027116,9/25/20,305000,228
7379020006,9/25/20,1120000,556
6073022008,9/25/20,435000,604
4453034003,9/25/20,1550000,623
5054009002,9/25/20,1125000,425
4434054168,9/25/20,650000,
7508023010,9/25/20,975000,923
2861050113,9/25/20,480000,511
2615020017,1/26/00,170000,129
2861062118,9/25/20,349000,447
7145011219,2/22/12,120500,145
2447003016,9/25/20,665000,627
8360036022,9/25/20,895000,340
7576024011,9/25/20,1248000,669
2645006048,9/25/20,875000,217
8463020011,9/25/20,565000,526
4075012015,9/25/20,860000,393
5634025128,9/25/20,468000,377
7531016057,9/25/20,1280000,826
7101001031,9/25/20,370000,350
3112041063,9/25/20,440000,230
2221004019,9/25/20,1475000,1540
2353025052,9/25/20,600000,551
8432026011,9/25/20,500000,283
4141009064,9/25/20,455000,331
2261030010,9/25/20,1150000,668
5579027025,9/25/20,1448000,669
4116022007,9/25/20,1350000,957
7514003011,9/25/20,2500000,811
8664002012,9/25/20,825000,438
5423004024,9/25/20,1120000,1000
3003035028,9/25/20,360000,273
5722007003,11/1/89,450000,70
7140008031,9/25/20,936000,382
3244173033,9/25/20,746000,280
8366026007,9/25/20,606000,250
2555009010,9/25/20,700000,661
3072007004,9/25/20,75000,
5011004019,10/2/13,850000,219
6152014034,9/25/20,285000,235
5110009027,9/25/20,700000,286
8118022047,9/25/20,609000,
7583038158,9/25/20,510000,656
5464001014,9/25/20,1207000,1006
8724002011,9/25/20,660000,416
3124022057,9/25/20,407500,
4139018043,9/25/20,922500,575
2054008082,9/25/20,415000,415
4158016021,9/25/20,870000,253
4002001017,9/25/20,930000,623
5354014039,9/25/20,802000,724
7553021056,10/17/02,332000,354
2405006022,9/25/20,580000,236
6061031018,9/25/20,965000,1039
3112016053,9/25/20,400000,176
8642006054,9/25/20,838000,298
2337018018,12/29/95,165000,122
7244028038,9/7/95,360000,267
4132006005,9/25/20,1470000,893
5434026044,9/25/20,1121000,707
4119037115,2/11/09,324000,451
2836033068,9/24/20,550000,411
7564020065,9/24/20,800000,583
7574003047,9/24/20,860000,479
5755014016,9/24/20,775000,550
2558034006,9/24/20,800000,398
2353025130,9/24/20,874000,465
5560001015,9/24/20,5750000,1772
5685010015,8/26/88,248000,144
5281033042,9/18/20,420000,297
2747014158,9/24/20,365000,231
3241014013,9/24/20,335000,252
3322008031,9/24/20,15000,
8664002016,9/24/20,849000,405
3103029018,9/24/20,400000,211
6351022029,9/24/20,425000,506
4336018011,9/24/20,1899000,1324
2184015002,9/24/20,1500000,578
8008013005,9/24/20,530000,468
3004019031,9/24/20,670000,283
8250017006,9/24/20,485000,369
8329013012,9/24/20,420000,378
8664032003,9/24/20,611000,379
8143002008,9/24/20,770000,366
2466001073,9/24/20,2200000,663
5559001133,9/24/20,750000,1012
5747003106,9/24/20,860000,593
2755007007,9/24/20,1175000,502
2779003047,9/24/20,212500,339
2438020011,9/24/20,963000,954
4207027011,9/24/20,1483500,732
7076039031,11/1/02,100000,126
2213015015,9/24/20,765000,498
5686001040,9/24/20,875000,502
4184011019,9/24/20,1720000,809
4221010047,9/24/20,1085000,821
2340008022,9/24/20,1098000,690
2325006011,4/7/11,296000,232
2108024004,9/24/20,805000,479
2866057014,9/24/20,665000,281
2480006021,9/24/20,1301000,741
2069060022,9/24/20,1800000,506
6035006007,9/24/20,650000,481
3074027011,9/24/20,245000,175
5503024038,3/16/15,230000,406
8169013044,9/24/20,530000,394
2146027046,9/24/20,575000,379
2249018007,9/24/20,930000,547
3049033025,9/24/20,323000,285
5424016021,9/24/20,950000,1115
2566014066,9/24/20,925000,360
7225031026,10/19/99,216000,126
7257013019,9/24/20,740000,602
5144005082,9/24/20,520000,642
3001129014,9/24/20,495000,176
2266002071,9/24/20,830000,437
3001135003,9/24/20,560000,161
3119018033,9/24/20,425000,149
7444002070,9/24/20,520000,331
2128026020,9/24/20,830000,549
5514005045,9/24/20,1848000,896
2275024001,8/8/03,3759000,336
5016001007,9/24/20,790000,664
2419023008,9/24/20,860000,816
2169002050,9/24/20,339000,387
3004009042,9/24/20,371000,230
8402001053,9/24/20,430000,312
8161005011,7/21/15,503000,308
7114022021,9/24/20,590000,474
8505025002,9/24/20,955000,615
2822022013,9/24/20,1050000,411
7250004012,9/24/20,1075000,620
5580003015,3/16/18,855000,835
2014009005,9/24/20,762000,561
5143019035,9/13/10,280000,292
8407028011,9/24/20,615000,388
7417021016,9/24/20,560000,229
7242015068,9/24/20,640000,600
5205012039,9/24/20,525000,407
2826090020,9/24/20,1030000,286
2416021004,9/24/20,1058000,544
2654002087,9/24/20,310000,330
2660012014,9/24/20,675000,504
3004041040,3/31/92,156500,83
5783012042,9/24/20,768000,393
5456009008,12/6/94,145000,42
4133013082,9/24/20,1105000,579
2331011052,9/24/20,350000,295
5548025079,9/24/20,615000,616
6330011051,9/24/20,410000,643
5514005047,9/24/20,1800000,1225
2509013095,9/24/20,320000,267
7147005021,1/12/18,615000,439
5475003005,9/24/20,1260000,1002
8620016026,9/24/20,545000,422
7319040096,9/24/20,500000,406
2570008053,9/24/20,1005000,335
5082010021,9/24/20,2293000,307
5643008068,9/24/20,485000,385
3204062020,3/24/00,192500,89
7280001115,9/24/20,360000,377
2276022012,9/24/20,1200000,590
2416005002,5/30/19,827000,
2146037186,9/24/20,340000,557
2763006018,9/24/20,705000,480
8202002016,3/12/09,215000,209
2127009003,9/24/20,730000,417
4412007006,9/24/20,2200000,1849
7553021064,9/24/20,2500000,205
4415026005,9/24/20,3400000,1615
2810121083,9/24/20,443000,306
7512006015,9/24/20,1905000,1018
4429038026,9/24/20,2395000,1168
5804005004,9/24/20,1649000,618
5205012140,7/21/16,350000,302
8635011144,9/24/20,601000,341
5843010019,9/24/20,1500000,629
2254013005,9/24/20,1160000,567
2688043018,6/14/13,328000,166
2842036047,9/24/20,695000,277
6234008054,9/24/20,300000,
7211008005,9/24/20,545000,378
2254036049,9/24/20,465000,371
2107013063,9/24/20,825000,253
8272028016,9/24/20,671000,497
4133013067,9/24/20,881000,694
4179025026,9/24/20,3500000,1675
6017022011,5/7/20,580000,459
4325024028,9/24/20,2000000,963
4244014005,9/24/20,2465000,1384
5375023006,9/24/20,788000,654
2820004002,9/24/20,900000,365
4366015012,9/24/20,1900000,1050
8241015063,9/24/20,893000,369
6286025057,9/24/20,545000,352
6132031007,9/24/20,500000,381
4325014010,9/24/20,2355000,612
2701063177,9/24/20,600000,478
4270010080,9/24/20,425000,680
8508004050,9/24/20,440000,471
4084011012,9/24/20,890000,578
8054017020,9/24/20,600000,359
7109011021,9/24/20,614500,347
7281027058,9/24/20,355000,505
2610008013,9/24/20,800000,518
7278029222,9/24/20,390000,574
5361001020,9/24/20,710000,473
2807037007,9/24/20,700000,291
3023039062,9/24/20,330000,199
2708030020,9/24/20,2500000,442
4401030093,9/24/20,1115000,575
2565014126,9/24/20,460000,462
5695019031,9/24/20,1300000,937
5301007013,9/24/20,605000,828
2289025005,8/6/20,1675000,683
4284027028,9/24/20,1750000,1210
2812074065,9/24/20,660000,350
4261025027,9/24/20,1552000,1411
2701094042,9/24/20,1600000,321
2812084030,9/24/20,910000,243
3244055017,9/24/20,530000,545
3140034041,3/9/11,145000,94
3216008032,9/24/20,85000,
8382017012,9/24/20,1092000,313
5526026006,9/24/20,1650000,639
7253026007,9/24/20,645000,827
4340024077,9/24/20,625000,869
3220021026,9/24/20,25000,
7503035185,9/24/20,1149000,750
7254015007,1/8/16,505000,385
6031010008,9/24/20,636000,455
8129003017,9/24/20,660000,524
8420007040,9/24/20,650000,332
4228003019,9/24/20,1845000,1110
6114032020,9/24/20,2150000,278
5493005006,10/4/10,400000,155
5064028027,9/24/20,1265000,834
2246020016,9/24/20,1300000,524
2568011007,9/24/20,650000,520
4024010005,9/24/20,2250000,684
8625008037,9/24/20,930000,291
2810059076,9/24/20,650000,313
7265004059,9/24/20,534000,633
2435017022,9/24/20,765000,686
7344006018,9/24/20,590000,590
3001075006,9/24/20,475500,230
2849042230,9/24/20,500500,313
3150075042,9/24/20,427500,
4431025065,9/24/20,1150000,647
4211031038,3/5/18,1100000,714
2857014004,9/24/20,705000,302
5431024018,9/24/20,2075000,1208
2701074059,9/24/20,615000,491
2261036036,9/24/20,1100000,433
7240005029,9/24/20,1340000,691
3103025017,9/24/20,400000,177
5837001007,9/24/20,600000,604
2861042016,9/24/20,979000,384
3153089003,9/24/20,490000,172
7165018007,9/24/20,575000,676
8653039027,9/24/20,687500,477
6242029037,9/24/20,385000,290
2307025051,9/24/20,715000,360
8611004033,9/24/20,1145000,221
6381021019,9/24/20,430000,526
2028012018,9/24/20,750000,577
5592019048,9/24/20,2015000,678
2347026079,9/24/20,700000,388
4226004011,9/24/20,3000000,1421
4415005027,9/24/20,3520000,
7587002056,9/24/20,808000,403
7506027050,9/24/20,2165000,507
5074015024,9/24/20,915000,363
2263031022,9/24/20,2100000,589
4328021007,9/24/20,3325000,781
7511002095,9/24/20,1250000,767
2826102044,9/24/20,1085000,294
5437017017,9/24/20,1105000,1409
8203004009,9/24/20,560000,345
4119034008,9/21/20,800000,461
7226002004,9/24/20,730000,497
2264022015,9/24/20,890000,659
3223009007,9/24/20,281000,195
8653027107,9/24/20,405000,301
8331003048,9/24/20,618000,234
4024010004,9/24/20,2250000,887
2801009047,9/24/20,570000,448
4330019009,9/24/20,2811500,862
5365005006,9/24/20,1210000,702
7215014077,9/24/20,1199000,403
2377003016,9/24/20,1770000,1051
4469015002,7/17/15,2012500,
2755003118,9/24/20,510000,365
2224006007,9/24/20,585000,310
8504018034,9/24/20,1675000,779
5430018014,9/24/20,1830000,1048
5253009060,9/24/20,400000,323
7278009135,9/24/20,720000,571
4082011064,9/24/20,950000,554
4153030037,9/24/20,785000,657
5760009012,9/24/20,1305000,553
7253009050,9/24/20,470000,406
5610018042,9/24/20,950000,936
8669029090,9/24/20,698000,440
8577022001,9/24/20,600000,406
7214009168,9/24/20,350000,306
6177014016,9/24/20,480000,533
4348005006,3/8/04,,
7520020017,9/24/20,1845000,530
8581009031,9/24/20,420000,280
5734010131,9/24/20,539000,467
4174016020,9/24/20,2830000,1310
4366015060,9/24/20,840000,557
3058027004,9/24/20,535000,372
2310018059,9/24/20,335000,340
7553021032,9/24/20,2500000,
2428022025,9/24/20,1700000,871
5255019034,8/31/17,507000,350
4281019033,9/24/20,1326000,958
2250009070,9/24/20,600000,462
4429006019,9/24/20,3425000,1408
4011003018,9/24/20,780000,420
5455008003,9/24/20,560000,582
4380031010,9/24/20,1766500,585
8026041027,9/24/20,968000,203
2779046016,9/24/20,690000,411
2456001019,9/24/20,1600000,554
6266003039,12/7/04,350000,306
7265014080,9/24/20,330000,525
8616019059,12/4/14,340000,452
8142005024,11/26/03,700000,157
7265002167,9/24/20,365000,558
6179012018,9/24/20,550000,391
2522021028,9/24/20,560000,327
2656011097,9/24/20,370000,310
6039005019,9/24/20,150000,181
2803038128,9/24/20,406500,325
4262013069,9/24/20,1050000,755
5113019022,9/24/20,950000,264
5050001023,9/24/20,625000,600
2851006012,11/28/06,,
2706033008,9/24/20,950000,299
5763020036,9/24/20,1000000,511
5522031021,9/24/20,1342000,488
8639002039,9/24/20,615000,368
7553021035,9/24/20,2500000,
7260027060,9/24/20,370000,425
2343002013,9/24/20,1050000,650
2226020007,9/24/20,565500,331
2449029005,9/24/20,1010000,895
5662006018,7/16/04,360000,376
4156011046,9/24/20,725000,576
2696020005,9/24/20,685000,514
5035024004,9/24/20,495000,383
5080001080,9/24/20,645000,542
8222014043,9/24/20,882000,434
4371020006,9/24/20,1505000,824
5564027030,9/24/20,1230000,912
5523013016,9/24/20,1764000,1115
8713007143,9/24/20,621500,295
8617018193,9/24/20,480000,302
5072028016,9/24/20,885000,453
2054011007,9/24/20,850000,385
4161011060,9/24/20,1010000,631
2601062017,9/24/20,1625000,352
8163010009,9/24/20,997000,617
5606010069,9/24/20,650000,463
2827021012,9/24/20,685000,357
8493040022,9/24/20,410000,312
2331011051,9/24/20,430000,381
6056016008,9/24/20,475000,311
3039003042,9/24/20,15500,
2810129053,9/24/20,830000,263
2113008011,9/24/20,626000,484
4013015021,9/24/20,562500,744
4324023075,9/24/20,1045000,516
3052057016,9/24/20,375000,190
8426025027,3/12/02,385000,189
2761025004,9/24/20,675000,470
2210014018,9/24/20,650000,293
2667027018,9/24/20,410000,424
5616014009,10/17/13,845000,467
8764005026,9/24/20,1080000,385
2327011047,9/24/20,710000,296
4319005047,9/24/20,1875000,790
3170043011,9/24/20,315000,192
2811006003,9/24/20,678000,343
5092021004,9/24/20,1395000,524
8541016033,9/24/20,630000,457
5018023009,9/24/20,350000,334
8527028005,9/24/20,1170000,481
3103029040,9/24/20,420000,189
8732012002,9/24/20,620000,412
3003095009,9/24/20,460000,144
4212005187,9/24/20,1050000,680
2424003062,9/24/20,685000,476
5275018026,9/24/20,727000,399
4211026081,9/16/16,841000,695
4362003012,9/24/20,17694000,1871
6016002023,9/24/20,550000,569
4221012034,9/24/20,1103636,527
2014033050,9/24/20,890000,325
6114016029,9/24/20,645000,410
3001125019,9/24/20,582000,174
5830010027,9/24/20,1270000,540
8246006033,9/24/20,570000,363
2830030037,9/24/20,780000,333
2151018042,9/24/20,915000,493
3001131006,9/24/20,475000,151
7022020031,9/24/20,990000,392
7550007035,9/24/20,1025000,437
5356007022,9/24/20,850000,
2701089009,9/24/20,2082500,
5778001121,9/24/20,630000,404
3244088044,9/24/20,595000,397
8456005014,9/24/20,588000,494
8251003059,9/24/20,635000,345
5129009030,9/24/20,3550000,345
2449019019,9/24/20,710000,779
7166011024,9/24/20,727000,505
4004032023,9/24/20,785000,345
3153078034,9/24/20,415000,177
2812021036,9/24/20,676000,291
3140039008,9/24/20,275000,205
8330007039,9/24/20,455000,379
8460013015,9/24/20,535000,462
2116004081,10/16/13,299000,250
8678062008,9/24/20,959000,342
3150068030,9/24/20,370000,186
3150054031,9/24/20,325000,190
7259007013,9/24/20,2155000,301
6055006024,9/24/20,637000,520
2156009007,9/24/20,925000,450
7154012038,9/24/20,732500,465
5628035022,9/24/20,6425000,666
7172007029,9/24/20,655000,803
6369002006,9/24/20,3950000,131
4157023056,9/24/20,1310000,578
2265017016,9/24/20,2475000,2391
2290008001,9/24/20,3625000,1604
8064027004,9/24/20,750000,246
2182012002,9/24/20,1699000,1624
8118022048,9/24/20,591000,
3334018007,9/24/20,11500,
5066007055,9/1/20,1150000,727
2156011012,9/23/20,1850000,
8442023020,9/23/20,550000,446
2271012054,9/23/20,425000,342
2206027017,9/22/20,936000,506
8367007013,9/23/20,570000,383
2840024006,1/14/11,875000,177
4262022059,9/23/20,701000,695
3135033072,9/23/20,281000,215
2444030006,5/31/01,340000,215
4317012137,9/23/20,1100000,644
5624002044,9/23/20,415000,680
3204032074,9/23/20,440000,225
7372021052,9/23/20,875000,401
2470028008,9/23/20,1039000,551
3024022006,9/23/20,360000,215
4017019138,9/23/20,455000,459
6167003018,9/23/20,870000,221
6111019088,9/23/20,595000,365
7534010027,9/23/20,1115000,
4234019025,9/23/20,1890000,807
5582013001,9/23/20,2175000,721
4155025067,9/23/20,1187500,537
8029016025,9/23/20,631000,417
4144015032,9/23/20,779000,658
5526036007,9/23/20,1905000,574
2425002025,4/4/13,405000,
6034014021,9/23/20,675000,423
2238012102,9/23/20,415000,407
2530022182,9/23/20,375000,332
2810135041,9/23/20,525000,365
4330013036,9/23/20,2275000,882
2826050191,9/23/20,522000,305
2257020206,9/23/20,220000,309
2138010076,9/23/20,399000,347
5837017006,9/23/20,769000,689
4066004017,9/23/20,810000,548
4112012020,9/23/20,1540000,723
6194013014,5/10/94,150000,139
5528003145,9/23/20,535000,806
7561042011,9/23/20,1300000,745
8678051006,9/23/20,867000,392
5066003011,9/23/20,1300000,481
6229013005,9/23/20,867500,
5090028041,9/23/20,652000,551
2836035027,9/23/20,536000,322
5528009022,9/23/20,2150000,1013
6014016020,9/23/20,530000,481
2113016011,9/23/20,540000,444
2782027007,9/23/20,730000,446
2355012025,9/23/20,1228500,667
7550013024,9/23/20,920000,673
2787011006,9/23/20,800000,415
2357002025,9/23/20,1490000,552
4292025062,9/23/20,1700000,1510
5266023043,9/23/20,649000,525
4371045014,9/23/20,1227000,818
7504019073,9/23/20,1215000,581
5272002083,9/23/20,389000,414
2424014014,9/23/20,2695000,825
8348009036,9/23/20,1918000,231
4328007061,10/26/98,645000,311
2184033020,9/23/20,2447500,702
6043013033,9/23/20,456000,559
2163018017,9/23/20,1481000,316
4223004024,9/23/20,600000,143
4134012071,9/23/20,680000,555
4163002041,9/23/20,1385000,784
5722030071,9/23/20,535000,723
2821026030,9/23/20,2250000,475
6070007050,9/23/20,443000,
8506007032,9/23/20,3000000,302
7417017011,9/23/20,460000,526
2511019016,9/23/20,630000,346
5104026019,9/23/20,620000,285
7377002020,9/23/20,5575000,251
8344037048,9/23/20,424000,401
4370015015,9/23/20,13630000,
8118022044,9/23/20,599000,
4024031023,9/23/20,780000,605
3005031064,9/23/20,285000,168
7062007017,3/4/19,573000,358
4320001014,9/23/20,2300000,881
6102020021,9/23/20,5550000,97
4071003021,9/23/20,730000,614
2414001011,9/23/20,650000,556
7523030007,8/6/10,646000,460
5554019020,8/8/16,200000,25
6271029035,9/23/20,980000,283
5601005026,9/23/20,700000,337
3113006081,9/23/20,335000,181
2810084010,9/23/20,702000,293
2668016016,9/23/20,3272727,1863
2121009018,9/23/20,690000,525
7518007021,9/23/20,3930000,792
8339006022,9/23/20,515000,281
4319010058,9/23/20,1937500,1362
4131008002,9/23/20,2240000,735
3204054011,9/23/20,470000,144
4004002019,9/23/20,625000,570
2731013037,9/23/20,810000,523
8348009038,9/23/20,1918000,119
2235014022,9/23/20,899000,430
7186017011,9/23/20,715000,540
8469012005,9/23/20,610000,453
3170008026,9/23/20,150000,73
7148014092,9/23/20,410000,420
2321016017,3/20/20,757000,342
3318012009,9/23/20,17000,
3119025079,9/23/20,425000,152
7275008048,9/23/20,380000,507
2836073016,9/23/20,520000,346
6389014021,9/23/20,775000,406
3001059026,9/23/20,704000,248
7145029004,9/23/20,675000,808
2132011001,9/23/20,810000,404
4313009046,9/23/20,1650000,376
8534014017,9/23/20,828500,413
6381033011,9/23/20,590000,333
3119002116,9/23/20,356500,190
8478028007,9/23/20,510000,357
7245004025,9/23/20,1585000,592
7145022023,9/23/20,925500,608
8159004005,9/23/20,553000,457
2653015061,9/23/20,360000,256
4314019025,9/23/20,920000,715
5564016006,9/23/20,2070000,1029
3148038048,9/23/20,310000,212
2854071075,9/23/20,770000,237
3147028045,9/23/20,320000,215
2449002005,9/23/20,940000,463
8391011120,9/23/20,615000,507
4319013042,9/23/20,2295500,957
2004009012,9/23/20,777000,526
5082017015,9/23/20,1180000,362
2358019043,9/23/20,475000,370
8265046038,9/23/20,995000,312
7502020050,9/23/20,835000,673
5445002011,9/23/20,1425000,2042
4302015034,9/23/20,1165000,772
6234001089,9/23/20,449000,289
3209017019,9/23/20,250000,
2159024007,9/23/20,1150000,1086
8714018015,9/23/20,700000,338
2423019043,9/23/20,679000,431
5327010025,9/23/20,2480000,551
6103032035,9/23/20,370000,374
2175012012,9/23/20,1700000,634
5105014011,9/23/20,650000,163
7272001010,9/23/20,1900000,357
8605021402,9/23/20,1835000,252
5053018022,2/22/91,184500,82
2410021009,9/23/20,1000000,
5502001088,9/23/20,395000,681
2830001160,9/23/20,253000,398
3209016021,9/23/20,250000,
4309018008,9/23/20,1630000,941
5422011010,6/14/12,100000,37
2353002031,9/23/20,1500000,625
7452023018,9/23/20,1016000,
7173001017,9/23/20,665000,350
8506008010,9/23/20,880000,479
2810111129,9/23/20,552500,333
2341017020,9/23/20,1080000,575
2130014038,9/23/20,497500,289
8745013032,9/23/20,660000,330
2615015028,9/23/20,720000,400
5309002020,9/23/20,468000,379
5734023019,9/23/20,5105000,456
5846024018,9/23/20,1615000,611
4471023020,9/23/20,2000000,
2415026042,9/23/20,879000,424
8309023002,3/2/17,920000,395
3209016020,9/23/20,250000,
5663034038,9/22/20,956000,445
2052017015,9/22/20,1200000,593
5367024050,9/22/20,910000,416
4180005012,9/22/20,2400000,1109
5321035023,9/22/20,70000,146
2504007156,9/22/20,384000,318
4324032079,9/22/20,865000,641
5719009071,9/30/98,397500,167
2861044034,9/22/20,915000,317
4445022012,9/22/20,1800000,
3170056031,9/22/20,368000,192
5854004024,9/22/20,1600000,660
3006016029,9/22/20,223000,277
4468022021,9/22/20,1695000,1284
7312021009,9/22/20,700000,333
8319011007,9/22/20,505000,368
6377012012,4/15/03,130000,48
4283014001,8/1/18,3676000,813
4328022031,9/22/20,3525000,1031
8118022046,9/22/20,591000,
5645015033,9/22/20,2000000,295
7502026082,9/22/20,1530000,618
6079023061,9/22/20,665000,331
2552011020,9/22/20,715000,598
2624018005,9/22/20,590000,404
8671049016,9/22/20,757000,448
5436019025,9/22/20,1035000,919
2225020066,9/22/20,475000,301
5310028008,9/22/20,990000,968
8036019041,9/22/20,659000,416
8028030006,9/22/20,555000,460
8327026013,9/22/20,1000000,
5512011020,9/22/20,2425000,1157
4445022008,9/22/20,1800000,863
2841047029,9/22/20,650000,255
7359007056,9/22/20,674000,444
2542014028,9/22/20,750000,377
8592011031,9/22/20,667000,592
5741010020,9/22/20,1353000,524
3060007042,9/22/20,325000,294
4445022010,9/22/20,1800000,
5086015007,9/22/20,1795000,731
2782008001,9/22/20,505000,602
8126020001,9/14/20,800000,390
5607015030,9/22/20,875000,703
3112040071,9/22/20,333000,290
7012005016,9/22/20,404500,447
6287003023,9/22/20,780000,461
7160021009,9/22/20,560000,375
5332027008,9/22/20,2480000,773
3003048019,9/22/20,300000,131
2266024020,9/22/20,1663000,617
7278006093,9/22/20,600000,457
5365015003,9/22/20,1288000,536
4404019002,9/22/20,3025000,961
5271013044,9/22/20,655000,396
6374008006,9/22/20,550000,521
2373019003,9/22/20,1230000,523
5638009004,12/24/18,1900000,442
4401026074,9/22/20,1100000,791
4087016040,9/22/20,610000,535
4438011029,9/22/20,1124000,937
6360011046,9/15/04,770000,165
8118022041,9/22/20,597500,
7511018052,9/22/20,740000,664
2510006005,9/22/20,465000,647
2284004027,9/22/20,2975000,636
4470017033,9/22/20,8350000,1926
4280002007,9/22/20,10900000,3163
4214005010,9/22/20,2350000,1928
5686007020,9/22/20,975000,
7267020028,9/15/14,496000,379
5213001005,9/22/20,895000,473
3244095021,9/22/20,660000,357
2607014022,1/27/20,781000,376
5282016010,9/22/20,550000,550
5645016043,9/22/20,425000,469
4324023051,9/22/20,1030000,593
2811054094,9/22/20,590000,341
8217010087,9/22/20,569000,353
8327026015,9/22/20,1000000,
2146043041,9/22/20,342500,561
2284020031,9/22/20,1485000,636
4257020078,9/22/20,860000,614
4115026013,9/22/20,1599000,908
4174017026,9/22/20,4100000,1165
3122015024,9/22/20,400000,141
2176003007,9/22/20,1100000,301
5163001088,9/22/20,600000,661
8490019004,9/22/20,552000,387
8513009043,9/22/20,650000,657
4209016021,9/22/20,1475000,836
2226007041,12/23/92,184000,102
4416016064,9/22/20,2190000,1293
7563006094,9/22/20,785000,448
2802038018,11/17/89,223000,176
8458007039,9/22/20,625000,383
4147001006,3/11/92,179000,166
7329047105,9/22/20,535000,368
4279021022,9/22/20,6485000,1237
2375001155,9/22/20,790000,491
5702010001,9/22/20,800500,789
5868002050,9/22/20,1475000,612
7536014020,9/22/20,1399000,499
5617026017,9/22/20,1110000,692
8327026014,9/22/20,1000000,2778
5837006014,9/22/20,776000,577
3079011022,9/22/20,8500,
7562009013,9/22/20,875500,556
2872004026,9/22/20,1000000,328
3124006033,9/22/20,422000,147
5437014020,9/22/20,1200000,815
2053024085,9/22/20,998000,411
2436018005,9/22/20,785000,708
5431037020,9/22/20,1500000,1022
4145044048,9/22/20,965000,511
2116017079,9/22/20,610000,383
5447013083,9/22/20,520000,505
7202009014,9/22/20,655000,506
7216020087,4/28/00,194000,114
2106011045,9/22/20,880000,328
5785016006,9/22/20,1350000,662
6068008028,9/22/20,385000,482
4156028052,9/22/20,510000,681
6175025016,9/22/20,1250000,290
5046033019,9/22/20,575000,589
5139021149,9/22/20,595000,546
8309020002,9/22/20,1000000,455
5331003022,9/22/20,1670000,843
7273011052,9/22/20,440000,406
5754021025,9/22/20,1160000,414
2309021021,7/28/94,583500,447
5119024005,2/6/20,375000,198
4392008006,9/22/20,3500000,1089
5024014017,9/22/20,905000,604
5101024006,9/22/20,725000,490
8030004080,9/22/20,410000,323
8561005012,9/22/20,350000,308
8118022091,9/22/20,580000,
2343014029,9/22/20,1150000,528
6075015023,9/22/20,567000,496
6330006031,9/22/20,525000,573
2181024021,9/22/20,1675000,572
2647017080,9/22/20,355000,383
2781034018,9/22/20,725000,354
6114031068,9/22/20,596000,335
4211035097,9/22/20,1620000,577
5556034013,9/22/20,4200000,1241
3131025008,9/22/20,290000,263
4240003028,9/22/20,1590500,1959
5643008088,9/22/20,375000,379
6156017017,9/22/20,510500,387
2024010018,9/22/20,895000,1069
6287024044,9/22/20,559000,396
4096001041,8/3/20,750000,431
5344011017,12/16/99,98000,173
7280009142,9/22/20,457000,404
4270020014,9/22/20,2650000,1638
2726019027,9/22/20,1120000,380
6075032026,5/18/06,,
6206022020,9/21/20,575000,359
5226036039,9/21/20,515000,700
7114023002,9/21/20,515000,479
7319021022,9/21/20,620000,436
2146033115,9/21/20,614000,369
8231013022,7/31/98,176000,121
2841073056,9/21/20,940000,369
3138006033,9/21/20,450000,
8031001027,9/21/20,375000,391
5454028027,9/21/20,661500,613
7510019053,9/21/20,2250000,425
2416008036,9/21/20,615000,469
7078016010,9/21/20,1050000,530
3112039063,9/21/20,285000,196
5835008016,10/16/08,354000,277
8323011004,9/21/20,425000,396
5513006009,9/5/03,1200000,236
3138006032,9/21/20,450000,
4257024088,9/21/20,910000,637
3204032002,9/21/20,395000,224
8134026001,9/21/20,720000,415
7255018002,9/21/20,985000,520
5555006150,9/21/20,1030000,887
8454024015,9/21/20,550000,500
5301003098,9/21/20,667000,473
3138007025,9/21/20,450000,
7231016022,9/21/20,690000,641
2014005022,9/21/20,765000,558
3146008028,9/21/20,265000,239
3244027176,9/21/20,448000,431
8313001191,9/21/20,425000,397
2811039004,9/21/20,835000,295
2839048012,9/21/20,720000,220
7467027018,6/30/10,815000,217
5103003004,9/21/20,525000,317
7008018054,9/21/20,1300000,445
3138007024,9/21/20,450000,
2624019020,9/21/20,815000,322
2650002001,9/21/20,1500000,301
6040001020,9/21/20,440000,500
5163021221,9/21/20,866000,677
5046032035,9/21/20,885000,536
4446003005,9/21/20,1267500,812
4214022021,12/20/19,2730000,481
5803016012,9/21/20,815000,712
4302018012,12/6/11,1605000,180
5137025022,5/29/12,250000,150
7458015021,9/21/20,530000,378
8264017054,9/21/20,7505000,247
3128016030,9/21/20,100000,
5695002024,9/21/20,10400000,314
3170049094,9/21/20,332500,238
7246003018,9/21/20,1040000,701
2848007018,7/10/19,1050000,350
5374012009,9/21/20,980000,592
2130029008,9/21/20,556000,457
2034032069,9/21/20,712000,454
5705004009,6/14/02,475000,165
2844042061,9/21/20,565000,328
3052064029,9/21/20,359000,193
2355014071,9/21/20,675000,432
4137007073,9/21/20,2005000,1479
2005017022,9/21/20,828000,326
2632025008,9/21/20,585000,418
3060015019,9/21/20,180000,108
2870016007,9/21/20,945000,263
8054009021,9/21/20,610000,416
3121015009,9/21/20,320000,230
6111010056,7/19/05,1190000,201
2644017023,9/21/20,500000,423
5013019029,2/28/17,412000,148
5325007012,9/21/20,2706500,893
2174003016,9/21/20,1900000,479
5246002012,9/21/20,358000,490
8088024006,1/7/99,175000,134
2582033013,9/21/20,670000,317
7372020032,9/21/20,810000,536
5525003039,9/21/20,1220000,717
8289003028,9/21/20,910000,381
2103001022,9/21/20,865000,456
2064023034,9/21/20,900000,482
6010007003,9/21/20,150000,75
3001130040,9/21/20,480000,168
2697020011,9/21/20,875000,290
2257020209,9/21/20,266000,374
2291003024,9/21/20,1500000,573
8220010022,9/21/20,740000,418
3138007026,9/21/20,450000,150
3138007023,9/21/20,450000,
2415015034,9/21/20,450000,251
5587023017,9/21/20,1960000,1102
3217002001,11/6/90,4340000,
7407031139,9/21/20,340000,550
3111007016,9/21/20,510000,279
4217025009,9/21/20,901000,831
5472014030,9/21/20,1087000,1258
7115005018,9/21/20,565000,475
2854014007,9/21/20,640000,306
8713025020,9/21/20,1430000,553
2053002005,9/21/20,775000,557
7410017033,9/21/20,695000,556
4415021021,9/21/20,818000,
7157012129,9/21/20,277500,318
4170031013,9/21/20,4340000,1017
2407005045,9/21/20,840000,
7524028049,9/21/20,805000,482
5442022042,9/21/20,810000,512
2217001076,9/21/20,295000,297
3244045034,9/21/20,595000,425
2215015096,9/21/20,428000,384
4236008035,9/21/20,1625000,1382
8033010008,5/12/00,200000,187
7359009187,9/21/20,910000,404
2035001031,9/21/20,1150000,504
2007008052,9/21/20,398500,361
2048004060,9/21/20,379000,412
5714009035,9/21/20,2590000,707
5653014006,9/21/20,934000,587
3112015059,9/21/20,420000,192
7369003005,9/21/20,410000,367
8243016006,9/21/20,645000,413
4237015018,6/1/12,850000,902
7210019031,9/21/20,995000,265
4187003004,9/21/20,500000,126
8482032010,9/21/20,920000,324
8617008026,10/1/04,530000,259
4308015006,9/21/20,2713500,1125
4255011011,9/21/20,1127000,784
8317027008,9/21/20,306500,268
2125034003,9/21/20,595500,748
3244107043,9/21/20,460000,342
8409005003,9/21/20,535000,485
4405020020,9/21/20,4650000,1425
5569028016,9/21/20,2550000,768
8435015220,9/21/20,500000,298
4289014036,9/21/20,996500,993
3012043029,5/7/10,150000,87
8366015024,9/21/20,445000,298
4262018098,9/21/20,1346000,630
4470002032,9/21/20,2650000,1104
4250024041,9/21/20,736500,592
8637023016,9/21/20,928000,406
6033018029,9/23/20,521500,336
4287008089,9/21/20,990000,1429
6233010011,9/21/20,545000,406
7527017002,9/21/20,1359000,558
2836038083,9/21/20,568000,242
2355017025,9/21/20,2750000,881
2820006010,9/21/20,800000,533
5368008018,9/21/20,566000,602
7208002004,9/21/20,590000,449
2201003012,9/21/20,549000,384
7249010020,9/21/20,251500,114
8331021011,9/21/20,602000,342
5757018004,9/21/20,1277000,658
4289022057,9/21/20,818000,946
5155023017,9/21/20,1350000,1442
2762015028,9/21/20,740000,363
7512010073,9/21/20,850000,505
2114016011,9/21/20,665000,426
7188012001,9/21/20,675000,378
2146041075,12/15/16,330000,407
2368002131,9/21/20,930000,633
6120009033,9/21/20,550000,518
3129029013,9/21/20,350000,221
7125010004,9/21/20,415909,273
5330001089,9/21/20,630000,404
8064044006,9/21/20,617000,540
5068025008,9/21/20,1318500,793
2048010026,9/21/20,385000,414
2854012002,9/21/20,510000,490
8391022146,9/21/20,465000,398
2741011046,1/17/89,350000,173
2264011004,9/21/20,2193000,548
2812023021,9/21/20,625000,269
5685003008,9/21/20,815000,646
4012001015,9/21/20,559000,590
2146031124,9/21/20,536000,424
7162018079,9/21/20,615000,350
7372013010,9/21/20,725000,580
2697006021,9/21/20,775000,492
3206030043,9/21/20,435000,154
4429017008,11/20/91,300000,70
5382020066,9/21/20,988000,626
6022004032,9/21/20,460000,325
2570017031,9/21/20,830000,665
2378023004,9/21/20,1175000,640
2654023109,9/21/20,485000,293
6309015015,6/4/14,150000,38
4345013021,9/21/20,8800000,1194
7510025026,11/27/12,800000,439
5815014004,9/21/20,1087000,1094
7463006008,9/21/20,1060000,306
2201013001,9/21/20,585000,430
3110026039,9/21/20,335000,243
6054027023,9/21/20,635000,353
5048028002,1/30/19,651000,537
8611008029,9/21/20,400000,490
7546029005,9/21/20,1200000,860
2571009053,9/21/20,700000,579
8227010043,9/21/20,410000,322
6265019069,9/21/20,500000,506
8640010001,9/21/20,648000,547
5869004005,9/21/20,124500,
2258015021,9/21/20,1255000,443
4134010101,9/21/20,446500,621
8527028025,9/21/20,699000,516
8088005016,9/21/20,505000,381
5767025061,9/21/20,745000,492
4088006045,9/21/20,700000,482
3005010018,9/21/20,151500,
3060013002,9/21/20,20000,
8088013004,9/21/20,665000,509
5589024003,9/21/20,2648500,962
3350006026,9/21/20,6500,
2830026003,9/21/20,745000,312
2310013007,9/21/20,616000,502
6171022029,5/2/91,154000,107
2861054026,9/21/20,360000,431
8362003052,9/21/20,480000,472
5653022010,9/21/20,1081000,764
7537025017,9/21/20,3800000,2896
2856006017,4/18/18,640000,292
8621008087,9/21/20,428000,335
8263007033,9/21/20,150000,148
5654002061,9/21/20,405000,588
3376027021,9/21/20,370000,181
5014016023,9/21/20,517500,387
5314007016,9/21/20,1150000,881
4245002013,9/21/20,1650000,1024
7562020017,8/6/10,899000,508
7273004041,12/28/07,967500,308
7354014023,9/21/20,715000,594
2064028044,9/21/20,1150000,416
4170030003,9/21/20,2062500,1348
2644025067,9/21/20,350000,326
8036007013,9/21/20,700000,362
5307014018,9/3/20,470000,483
2662008015,9/21/20,535000,323
4336014022,9/21/20,1585000,1728
7107009007,9/21/20,485000,638
2401047207,9/21/20,640000,433
8510025019,9/21/20,780000,503
4264012003,9/21/20,2535000,1135
4450018025,9/21/20,2230000,1074
4060018018,10/18/17,570000,449
8317031015,9/21/20,532000,363
2414019002,9/21/20,800000,783
8231028027,9/21/20,725500,462
8061011010,9/21/20,630000,495
7137005014,9/21/20,670000,395
5279007119,9/21/20,441000,324
5588026133,9/21/20,750000,746
8031002059,9/21/20,427000,324
5239007054,4/19/13,226000,436
8137015061,3/1/06,479000,353
8712016052,9/21/20,750000,449
3052035052,9/21/20,295000,250
8269086066,9/21/20,1585000,295
5486015014,9/21/20,950000,643
2623024006,8/4/16,540000,458
5741019017,9/21/20,1495000,600
5770014003,9/21/20,6380000,714
5547002083,9/21/20,895000,597
8701034029,9/21/20,1000000,341
5172023024,9/21/20,585000,422
8176038015,9/21/20,567000,391
2841045029,9/21/20,684000,268
4315015016,9/21/20,1475000,1213
5230007020,1/17/19,90000,
5716026025,1/30/04,300000,216
4302018011,12/6/11,1555000,174
5659006009,9/21/20,2000000,332
7278006116,9/21/20,400000,640
2421030037,9/21/20,980000,
3082019020,5/12/99,15454,
2017038032,9/18/20,1080000,
7061030014,9/18/20,645000,726
3021021009,9/18/20,299000,232
4106027013,9/18/20,1025000,595
4150019041,9/18/20,1025000,544
2444029011,9/18/20,1005000,589
8580025024,7/2/20,572500,420
4181021035,9/18/20,2000000,2262
5301003208,9/18/20,442000,478
5709011016,9/18/20,1267500,608
6185005064,9/18/20,448000,446
3242015021,9/18/20,194000,105
2118019013,9/18/20,500000,554
6277022018,9/18/20,739000,348
5660024017,9/18/20,1210000,614
7280003027,9/18/20,302500,391
5529025179,9/18/20,767500,750
4117029013,9/18/20,1645000,1310
6247004016,9/18/20,650000,502
2602016019,9/18/20,625000,278
7078020036,9/18/20,1275000,383
2348010043,9/18/20,605000,455
2027018037,9/18/20,1215000,492
4019014030,9/18/20,1250000,681
7059025024,9/18/20,595000,355
7228005010,9/18/20,770000,501
8395035059,9/18/20,730000,472
2517014083,9/18/20,395000,293
2125023006,9/18/20,550000,273
5719003039,9/18/20,990000,497
2162002057,9/18/20,300000,413
5866013012,9/18/20,865000,518
5866001024,9/18/20,837000,712
4438021014,9/18/20,690000,795
5620016024,9/18/20,975000,698
5604024022,9/18/20,618000,803
5556026002,9/18/20,2291000,778
4360018101,9/18/20,818000,752
7165009022,9/18/20,615000,441
5721011026,9/18/20,2465000,662
5264023134,9/18/20,510000,370
7462021056,9/18/20,440000,359
8215005016,9/18/20,744000,486
4493017032,9/18/20,3150000,804
2686003009,9/18/20,680000,425
4261025040,4/29/08,575000,429
8318022027,9/18/20,1840000,200
3148028016,9/18/20,322000,216
7203006012,9/18/20,485000,483
5061016007,7/23/98,129000,74
6370002007,9/18/20,490000,521
5460012028,9/18/20,1250000,652
3148021008,9/18/20,240000,183
5225020031,9/18/20,645000,662
2385012021,9/18/20,2400000,794
6322025099,9/18/20,285000,338
7124006011,9/18/20,522000,558
3052048032,9/18/20,310000,236
2861027042,9/18/20,710000,433
8709031015,9/18/20,780000,400
8210004008,9/18/20,589000,489
6191004004,1/8/88,68000,39
2701102032,9/18/20,1348000,
2503019010,9/18/20,635000,360
2822020014,9/18/20,1035000,403
8370020007,8/19/15,385000,268
2805003009,9/18/20,500000,256
5613002005,7/27/12,837000,327
8714025030,9/18/20,822000,424
2249019006,9/18/20,1200000,586
5324026049,9/18/20,2350000,687
8150018024,9/18/20,625000,469
5183016028,7/21/17,405000,
2802002039,9/18/20,610500,
2334010053,9/18/20,787000,703
3203062036,9/18/20,443500,
6052026020,9/18/20,346500,382
5075005023,6/14/19,1065000,282
8722008040,9/18/20,743000,402
8173030022,9/18/20,597000,517
7176005036,9/18/20,625000,578
7246028164,9/18/20,545000,429
2649009004,9/18/20,680000,495
2812025033,9/18/20,799000,250
7563034013,4/26/94,364000,118
2701084011,9/18/20,1897000,466
2611039001,9/18/20,715000,369
7303025048,9/18/20,500500,325
2812092086,9/18/20,841000,
5084002016,9/18/20,800000,126
7547014015,9/18/20,1150000,618
7448021022,9/18/20,720000,439
8391022129,9/18/20,435000,372
7124005018,9/18/20,580000,608
7226006036,9/18/20,690000,438
3206063016,9/18/20,545000,155
8643016052,9/18/20,660000,497
5580021026,9/18/20,3350000,902
5414005009,9/18/20,1015000,423
7103016056,9/18/20,310000,399
4377041056,9/18/20,2050000,836
7551016019,9/18/20,1540000,529
6259008017,9/18/20,206000,176
2050011005,9/18/20,822000,538
2637002007,9/18/20,580000,404
3001117005,9/18/20,416000,184
2423016051,7/15/16,490000,357
8065017001,9/18/20,665000,486
5033016044,9/18/20,1322000,891
5049007020,9/18/20,990000,277
8454013010,9/18/20,760000,
5052011025,9/18/20,835000,389
4013026027,9/18/20,715000,423
8285006002,9/18/20,795000,359
4303014013,9/18/20,1350000,1409
2287013039,9/18/20,2000000,610
8247010057,9/18/20,520000,410
7163018077,9/18/20,520000,460
5074033006,9/18/20,2050000,553
8269072001,9/18/20,870000,335
2064007007,9/18/20,950000,441
4279029019,9/18/20,3500000,1738
8444010024,9/18/20,1384000,298
2632023057,9/18/20,2089000,295
2171005036,9/18/20,1400000,485
4296014108,9/18/20,825000,647
2455003026,6/29/12,242000,237
7329023037,9/18/20,605000,446
5247023034,9/18/20,785000,221
8454013009,9/18/20,760000,303
3204004025,9/18/20,725000,
5847011006,9/18/20,1657500,624
4022011033,9/18/20,550000,365
4125013053,9/18/20,525000,588
4004021018,9/18/20,535000,615
7146002017,9/18/20,745000,703
5084014017,9/18/20,1475000,370
5141021064,9/18/20,200000,435
4309015002,9/18/20,2890000,1083
2536027108,9/18/20,357500,358
8630021032,9/18/20,637000,324
7250007025,9/18/20,1275000,815
5613027010,9/18/20,658000,451
2810087015,9/18/20,684500,299
7272019015,9/18/20,638000,458
5790021005,9/18/20,2000000,504
2347020029,9/18/20,695000,336
5329011005,9/18/20,2375000,792
6126012035,9/18/20,575000,368
4281004005,9/18/20,2400000,746
3244192032,9/18/20,765000,265
6113033089,9/18/20,475000,360
8732005001,9/18/20,550000,418
2826072020,9/18/20,991000,399
3244151034,9/18/20,775000,275
2459013033,9/18/20,1280000,710
3049034004,9/18/20,117500,
3049034043,9/18/20,117500,
5516003004,9/18/20,3600000,1056
2812091001,9/18/20,850000,334
6066016038,9/18/20,445000,339
6339020018,9/18/20,1115000,209
7280009098,9/18/20,490000,470
3005007003,9/18/20,750000,210
3148021065,9/18/20,235000,179
5345010034,9/18/20,1300000,458
4247007019,9/18/20,3100000,834
8660026034,9/18/20,745000,512
7246025052,9/18/20,1020000,574
6345019013,9/18/20,690000,405
2841077086,9/18/20,679000,
6265028043,9/18/20,417000,355