neighborhood_name,HomeSize,LotSize,Bedrooms,Bathrooms,SexOffenders,EnviornmentalHazards,Age,SalePrice,Neighborhood,YearBuilt,latitude,longitude,CrimeIndex_Slightly High,CrimeIndex_Very Low,CrimeIndex_Low,CrimeIndex_Moderate,CrimeIndex_High,CrimeIndex_Moderately High,SchoolQuality_Poor,SchoolQuality_Excellent,SchoolQuality_Above Average,SchoolQuality_Average,CrimeIndex_Very High
Adams-Normandie,1950.5,6056.666666666667,4.833333333333333,2.6666666666666665,22.333333333333332,5.666666666666667,108.16666666666667,"$727,833.33",727833.3333333334,1908.6666666666667,-118.30020800000011,34.031461499124156,1,0,0,0,0,0,1,0,0,0,0
Agoura Hills,2079.8333333333335,9047.416666666666,3.75,2.5833333333333335,0.08333333333333333,2.1666666666666665,42.0,"$924,666.67",924666.6666666666,1975.8333333333333,-118.75988450000015,34.146736499122795,0,1,0,0,0,0,0,1,0,0,0
Alhambra,1641.4782608695652,6699.04347826087,3.0434782608695654,2.0,4.586956521739131,6.956521739130435,76.28260869565217,"$788,902.17",788902.1739130433,1941.7173913043478,-118.13651200000021,34.08553899912357,0,0,1,0,0,0,0,1,0,0,0
Alondra Park,1161.8333333333333,5558.166666666667,2.8333333333333335,1.5,4.5,7.833333333333333,71.0,"$625,666.67",625666.6666666666,1948.3333333333333,-118.33515598608159,33.889617004889644,0,0,0,1,0,0,0,0,1,0,0
Altadena,1594.2045454545455,8305.25,2.965909090909091,1.8409090909090908,2.5568181818181817,3.090909090909091,77.72727272727273,"$939,371.59",939371.5909090925,1941.0681818181818,-118.13623898201556,34.19387050223217,0,0,0,1,0,0,1,0,0,0,0
Angeles Crest,971.0,7307.5,2.0,1.0,0.0,2.0,74.5,"$140,000.00",140000.0,1926.5,-117.9223952817848,34.31393700589531,0,0,1,0,0,0,0,0,1,0,0
Arcadia,2165.277777777778,9324.907407407407,3.259259259259259,2.6296296296296298,0.8148148148148148,4.425925925925926,57.925925925925924,"$990,768.56",990768.5555555545,1958.9259259259259,-118.03041899311202,34.13322999912302,0,0,1,0,0,0,0,1,0,0,0
Arleta,1489.7714285714285,7094.2,3.342857142857143,1.9714285714285715,8.914285714285715,7.171428571428572,61.857142857142854,"$542,906.29",542906.2857142857,1953.7428571428572,-118.4307575,34.24309999912158,0,0,1,0,0,0,0,0,0,1,0
Arlington Heights,2228.0,6922.75,3.0,2.25,13.25,7.25,108.25,"$1,027,250.00",1027250.0,1911.75,-118.3234085,34.04491049912405,1,0,0,0,0,0,0,0,0,1,0
Artesia,1646.8947368421052,6724.210526315789,3.473684210526316,2.210526315789474,9.842105263157896,6.894736842105263,57.421052631578945,"$662,210.53",662210.5263157896,1960.7368421052631,-118.08010100000017,33.86689599912627,0,0,0,1,0,0,0,0,1,0,0
Athens,1395.3333333333333,6333.666666666667,4.0,2.0,16.333333333333332,14.333333333333334,68.0,"$615,666.67",615666.6666666666,1952.0,-118.30465647554277,33.9236925059352,1,0,0,0,0,0,1,0,0,0,0
Atwater Village,1364.2307692307693,5618.2692307692305,2.6538461538461537,1.7692307692307692,6.346153846153846,8.307692307692308,79.65384615384616,"$1,082,346.15",1082346.153846153,1937.3846153846155,-118.26237347966236,34.13106635675918,1,0,0,0,0,0,0,0,0,1,0
Avocado Heights,1365.2142857142858,7683.0,3.2142857142857144,1.7857142857142858,5.428571428571429,5.071428571428571,55.07142857142857,"$571,035.71",571035.7142857144,1961.5,-118.0012614768012,34.040881003821966,0,0,0,1,0,0,0,0,0,1,0
Azusa,1725.4166666666667,7567.708333333333,3.2916666666666665,2.2291666666666665,6.208333333333333,5.541666666666667,55.291666666666664,"$586,864.58",586864.5833333329,1962.6875,-117.91246849999999,34.13746999912302,0,0,0,1,0,0,0,0,0,1,0
Baldwin Hills/Crenshaw,1927.65,7540.9,3.0,2.2,8.7,7.6,59.65,"$884,050.00",884050.0,1953.3,-118.35774600000005,34.01197027055953,1,0,0,0,0,0,1,0,0,0,0
Baldwin Park,1257.7878787878788,6351.818181818182,2.9242424242424243,1.696969696969697,5.53030303030303,6.348484848484849,58.92424242424242,"$519,878.79",519878.7878787883,1958.939393939394,-117.9751905000002,34.08110949912369,0,0,0,1,0,0,0,0,0,1,0
Bel-Air,2465.1666666666665,8475.666666666666,3.0,2.5,0.5,3.0,44.166666666666664,"$1,116,833.33",1116833.3333333333,1967.8333333333333,-118.45841550000007,34.10205699912334,1,0,0,0,0,0,0,0,1,0,0
Bell,1018.7142857142857,4355.0,2.4285714285714284,1.4285714285714286,16.142857142857142,10.571428571428571,77.28571428571429,"$474,928.57",474928.5714285714,1938.7142857142858,-118.17916600000018,33.98116099912489,0,0,0,1,0,0,0,0,0,1,0
Bell Gardens,1219.7777777777778,5841.666666666667,3.0,1.5555555555555556,13.11111111111111,14.444444444444445,59.111111111111114,"$418,444.44",418444.44444444444,1953.7777777777778,-118.1499360000002,33.965685999125014,0,0,0,1,0,0,0,0,0,1,0
Bellflower,1425.890410958904,6231.561643835616,3.0273972602739727,1.8082191780821917,14.726027397260275,5.876712328767123,63.9041095890411,"$590,657.53",590657.5342465759,1953.5616438356165,-118.12903150000017,33.88801349912606,0,0,0,1,0,0,0,0,1,0,0
Beverly Crest,1846.125,7754.5,2.5,2.4375,0.6875,2.75,54.5625,"$953,420.44",953420.4375,1957.875,-118.42326299999999,34.106006999123245,1,0,0,0,0,0,0,0,1,0,0
Beverly Grove,2641.846153846154,6265.384615384615,3.3846153846153846,3.1538461538461537,1.7692307692307692,8.23076923076923,52.0,"$882,076.92",882076.9230769234,1952.5384615384614,-118.376102,34.07663299912362,1,0,0,0,0,0,0,0,1,0,0
Beverly Hills,1713.3333333333333,9079.333333333334,2.0,2.0,0.6666666666666666,5.333333333333333,54.0,"$174,500.33",174500.33333333334,1925.0,-118.39953400000016,34.0825444991237,0,0,0,1,0,0,0,1,0,0,0
Beverlywood,2247.4444444444443,6548.333333333333,3.0,2.888888888888889,2.7777777777777777,5.666666666666667,53.888888888888886,"$1,298,222.22",1298222.2222222222,1959.3333333333333,-118.393982,34.04350999912405,1,0,0,0,0,0,0,1,0,0,0
Boyle Heights,1277.409090909091,4700.318181818182,2.8181818181818183,1.5909090909090908,19.272727272727273,8.727272727272727,92.31818181818181,"$511,613.64",511613.6363636365,1923.2272727272727,-118.21078750000007,34.039168499124116,1,0,0,0,0,0,1,0,0,0,0
Bradbury,2066.0,7624.0,3.0,2.0,1.0,5.0,66.0,"$810,000.00",810000.0,1954.0,-117.96857400000013,34.15423999912273,0,1,0,0,0,0,0,0,1,0,0
Brentwood,3224.1666666666665,9020.333333333334,3.9166666666666665,3.5833333333333335,1.1666666666666667,4.0,39.0,"$952,909.25",952909.25,1962.9166666666667,-118.49218850000007,34.08624099912355,1,0,0,0,0,0,0,1,0,0,0
Broadway-Manchester,1038.6,4914.866666666667,2.4,1.4,22.4,7.0,88.4,"$515,033.33",515033.3333333332,1929.0,-118.27535153247453,33.94122350288663,1,0,0,0,0,0,1,0,0,0,0
Burbank,1589.1655629139073,6873.225165562914,2.8940397350993377,1.814569536423841,3.543046357615894,6.993377483443709,74.0728476821192,"$940,127.07",940127.0728476809,1943.794701986755,-118.32521100000017,34.18201049912244,0,0,1,0,0,0,0,1,0,0,0
Calabasas,2396.7586206896553,8807.137931034482,4.068965517241379,2.9655172413793105,0.20689655172413793,2.1724137931034484,40.89655172413793,"$996,068.97",996068.9655172414,1975.6206896551723,-118.67163173539396,34.13625449912295,0,1,0,0,0,0,0,0,1,0,0
Canoga Park,1602.6363636363637,7753.681818181818,3.272727272727273,2.0454545454545454,6.363636363636363,7.409090909090909,61.18181818181818,"$706,457.05",706457.0454545451,1957.0454545454545,-118.6015195,34.21085499912201,0,1,0,0,0,0,0,0,0,1,0
Carson,1530.4315789473685,5617.442105263158,3.4526315789473685,1.936842105263158,8.094736842105263,11.663157894736843,56.88421052631579,"$515,015.62",515015.62105263077,1957.8736842105263,-118.24800950000022,33.839519999126665,0,0,0,1,0,0,0,0,0,1,0
Carthay,2142.8571428571427,6648.0,2.7142857142857144,2.4285714285714284,3.7142857142857144,6.571428571428571,82.0,"$1,078,285.71",1078285.7142857143,1929.142857142857,-118.36891,34.057855624951706,1,0,0,0,0,0,0,0,1,0,0
Castaic,2451.5,5957.0,4.0,3.0,0.0,5.5,26.0,"$680,000.00",680000.0,1994.0,-118.63334936248927,34.48174977031994,0,0,1,0,0,0,0,1,0,0,0
Castaic Canyons,2948.1451612903224,8030.274193548387,4.161290322580645,3.403225806451613,0.7419354838709677,3.1451612903225805,15.46774193548387,"$820,935.48",820935.4838709681,2003.9032258064517,-118.45476897959236,34.564146288577305,0,0,1,0,0,0,0,1,0,0,0
Central-Alameda,1139.5,4628.625,2.5,1.25,21.25,15.25,109.875,"$455,875.00",455875.0,1910.5,-118.24721250000012,34.006864031207506,1,0,0,0,0,0,1,0,0,0,0
Century City,1486.0,6111.2,2.4,1.8,2.4,6.6,82.0,"$1,310,100.00",1310100.0,1934.6,-118.41508300000005,34.055325502171065,1,0,0,0,0,0,0,0,1,0,0
Cerritos,1954.4827586206898,5570.568965517241,3.9655172413793105,2.603448275862069,6.275862068965517,5.844827586206897,43.63793103448276,"$735,025.86",735025.8620689659,1970.0862068965516,-118.06863750000007,33.86689249912628,0,0,1,0,0,0,0,1,0,0,0
Charter Oak,1573.421052631579,8864.105263157895,3.4210526315789473,2.1578947368421053,2.473684210526316,6.0,55.68421052631579,"$594,447.37",594447.3684210525,1961.7894736842106,-117.85751998453503,34.100075003109005,0,0,0,1,0,0,0,0,1,0,0
Chesterfield Square,1274.5454545454545,4870.272727272727,2.5454545454545454,1.0,22.181818181818183,9.090909090909092,92.45454545454545,"$506,454.55",506454.5454545455,1926.7272727272727,-118.31320800000006,33.98376299912485,1,0,0,0,0,0,1,0,0,0,0
Cheviot Hills,2296.5555555555557,7283.555555555556,3.6666666666666665,2.7777777777777777,3.0,4.666666666666667,63.44444444444444,"$918,055.56",918055.5555555557,1940.111111111111,-118.41146150000006,34.04085349912404,1,0,0,0,0,0,0,1,0,0,0
Citrus,1286.1176470588234,6756.882352941177,3.1176470588235294,1.7058823529411764,9.823529411764707,3.411764705882353,61.88235294117647,"$464,058.82",464058.8235294118,1954.0,-117.89216399278311,34.11618000242531,0,0,0,1,0,0,0,0,0,1,0
Claremont,1985.5070422535211,10254.718309859154,3.436619718309859,2.2816901408450705,1.6056338028169015,3.647887323943662,58.42253521126761,"$735,225.35",735225.3521126754,1959.2394366197184,-117.71876950000001,34.122365138512784,0,0,1,0,0,0,0,1,0,0,0
Commerce,986.0,4875.0,2.4545454545454546,1.8181818181818181,4.090909090909091,15.545454545454545,66.9090909090909,"$448,772.73",448772.72727272747,1948.6363636363637,-118.1573625000002,33.995079230018334,0,0,0,0,1,0,0,0,0,1,0
Compton,1222.6601941747572,5494.058252427184,2.8737864077669903,1.5339805825242718,16.70873786407767,10.029126213592233,69.74757281553399,"$471,339.81",471339.80582524155,1948.9417475728155,-118.2218104930422,33.89325199912594,0,0,0,0,1,0,1,0,0,0,0
Covina,1719.6875,8636.96875,3.25,2.09375,5.46875,6.53125,60.21875,"$570,687.50",570687.5,1955.84375,-117.88392199287892,34.08749549930933,0,0,0,1,0,0,0,0,1,0,0
Cudahy,1589.6666666666667,6303.333333333333,3.0,2.0,16.0,15.0,74.66666666666667,"$568,333.33",568333.3333333334,1945.6666666666667,-118.18557250000019,33.96262049912504,0,0,0,1,0,0,0,0,0,1,0
Culver City,1437.1379310344828,5472.758620689655,2.9310344827586206,1.6896551724137931,3.7241379310344827,10.96551724137931,71.41379310344827,"$1,147,155.17",1147155.1724137927,1944.1724137931035,-118.40902450000016,34.00589949912458,0,0,0,1,0,0,0,1,0,0,0
Cypress Park,1034.1666666666667,5415.833333333333,2.3333333333333335,1.1666666666666667,15.833333333333334,9.166666666666666,102.5,"$543,750.00",543750.0,1911.0,-118.22415649999999,34.09213949912345,1,0,0,0,0,0,0,0,0,1,0
Del Aire,1295.611111111111,5566.833333333333,2.888888888888889,1.7222222222222223,4.333333333333333,9.11111111111111,64.94444444444444,"$784,277.78",784277.7777777779,1953.611111111111,-118.36983198490955,33.915552004076844,1,0,0,0,0,0,0,0,0,1,0
Del Rey,1515.25,5270.85,2.95,2.0,5.95,10.0,68.3,"$1,231,400.00",1231400.0,1949.9,-118.423993,33.98929219201678,1,0,0,0,0,0,0,0,0,1,0
Desert View Highlands,2133.225352112676,8200.239436619719,3.704225352112676,2.6619718309859155,3.3943661971830985,3.1267605633802815,24.309859154929576,"$420,598.59",420598.5915492959,1995.112676056338,-118.15455633368757,34.59087715291683,0,0,0,1,0,0,0,0,1,0,0
Diamond Bar,1965.6122448979593,8868.489795918367,3.806122448979592,2.5816326530612246,0.7448979591836735,2.857142857142857,44.6530612244898,"$729,775.51",729775.5102040824,1973.204081632653,-117.81573066877161,34.000640999124634,0,0,1,0,0,0,0,1,0,0,0
Downey,1747.8,7175.753846153846,3.1846153846153844,2.146153846153846,7.130769230769231,6.792307692307692,60.73076923076923,"$648,488.46",648488.4615384627,1955.7384615384615,-118.13042300000015,33.937676999125415,0,0,0,1,0,0,0,0,1,0,0
Duarte,1366.0357142857142,6936.428571428572,2.9642857142857144,1.9285714285714286,1.3928571428571428,7.892857142857143,57.785714285714285,"$609,142.89",609142.8928571433,1959.4642857142858,-117.95762350000011,34.15785549912269,0,0,1,0,0,0,0,0,1,0,0
Eagle Rock,1375.2857142857142,7003.125,2.6785714285714284,1.7321428571428572,6.553571428571429,4.392857142857143,76.10714285714286,"$961,491.07",961491.0714285725,1941.9642857142858,-118.20484450000001,34.13391699912292,1,0,0,0,0,0,0,1,0,0,0
East Compton,917.3333333333334,5875.333333333333,2.0,1.0,11.0,5.0,74.66666666666667,"$336,333.33",336333.3333333333,1938.3333333333333,-118.19598900000028,33.894016822529835,0,0,0,0,1,0,1,0,0,0,0
East Hollywood,1314.0,5835.705882352941,2.411764705882353,1.411764705882353,11.235294117647058,5.411764705882353,100.76470588235294,"$925,823.53",925823.5294117647,1917.7058823529412,-118.2968085,34.08910949912348,1,0,0,0,0,0,0,0,0,1,0
East La Mirada,1521.6666666666667,6814.583333333333,3.375,2.0416666666666665,3.9166666666666665,3.2083333333333335,53.75,"$630,416.67",630416.6666666664,1962.625,-117.9907619882008,33.924510501549975,0,0,0,1,0,0,0,1,0,0,0
East Los Angeles,1074.9,5076.466666666666,2.55,1.3166666666666667,14.766666666666667,9.3,82.35,"$475,583.33",475583.33333333296,1934.5166666666667,-118.1596383526979,34.03516870986101,1,0,0,0,0,0,0,0,0,1,0
East Pasadena,1772.7333333333333,9417.266666666666,2.933333333333333,2.0,1.3333333333333333,4.8,68.73333333333333,"$793,133.40",793133.4000000003,1945.6666666666667,-118.08087798337868,34.13856350539128,0,0,0,1,0,0,0,0,0,1,0
East San Gabriel,1551.6666666666667,7548.733333333334,2.7333333333333334,1.8666666666666667,2.0,4.133333333333334,64.26666666666667,"$760,600.00",760600.0,1952.6666666666667,-118.07396450000032,34.110644492315856,0,0,1,0,0,0,0,0,1,0,0
Echo Park,1192.9444444444443,6314.111111111111,2.111111111111111,1.6111111111111112,7.611111111111111,5.722222222222222,87.5,"$1,049,027.78",1049027.7777777775,1931.4444444444443,-118.2590075,34.07953399912368,1,0,0,0,0,0,0,0,1,0,0
El Monte,1267.9545454545455,7179.295454545455,2.8636363636363638,1.6136363636363635,7.7272727272727275,8.909090909090908,64.3409090909091,"$508,529.95",508529.9545454543,1950.5681818181818,-118.03519600000016,34.07116949912379,0,0,0,1,0,0,0,0,1,0,0
El Segundo,1986.5,6729.285714285715,3.4285714285714284,2.4285714285714284,2.4285714285714284,10.5,59.785714285714285,"$1,062,964.29",1062964.2857142857,1949.5714285714287,-118.40223073369825,33.91658299912574,0,0,0,1,0,0,0,1,0,0,0
El Sereno,1165.25,5973.615384615385,2.4038461538461537,1.4615384615384615,12.153846153846153,8.48076923076923,77.5,"$648,326.92",648326.9230769237,1941.0576923076924,-118.1762975,34.08224218320447,1,0,0,0,0,0,0,0,0,1,0
Elysian Park,880.0,2931.0,2.0,1.0,7.0,10.0,97.0,"$575,000.00",575000.0,1924.0,-118.23745650000001,34.08125999912349,1,0,0,0,0,0,0,0,1,0,0
Elysian Valley,1061.5555555555557,4791.777777777777,2.3333333333333335,1.6666666666666667,11.777777777777779,9.88888888888889,85.0,"$865,030.33",865030.3333333333,1932.4444444444443,-118.24195650000013,34.09575949912339,1,0,0,0,0,0,0,0,1,0,0
Exposition Park,1227.142857142857,5704.571428571428,2.5238095238095237,1.1428571428571428,22.19047619047619,5.190476190476191,104.76190476190476,"$677,976.19",677976.1904761904,1912.2380952380952,-118.29887550000007,34.018262499124305,1,0,0,0,0,0,1,0,0,0,0
Fairfax,1975.8333333333333,4285.333333333333,2.9166666666666665,2.75,8.166666666666666,10.666666666666666,51.25,"$1,184,500.00",1184500.0,1964.8333333333333,-118.35285800000005,34.07893599912363,1,0,0,0,0,0,0,0,0,1,0
Florence,1122.5,4728.818181818182,2.3636363636363638,1.3636363636363635,22.181818181818183,10.954545454545455,86.0,"$504,272.73",504272.7272727273,1932.7727272727273,-118.26860650000008,33.97456400077449,1,0,0,0,0,0,1,0,0,0,0
Florence-Firestone,943.9047619047619,4544.428571428572,2.1904761904761907,1.1428571428571428,20.095238095238095,11.428571428571429,84.80952380952381,"$419,404.76",419404.761904762,1929.5238095238096,-118.24192048907494,33.96610152027279,1,0,0,0,0,0,1,0,0,0,0
Gardena,1401.9583333333333,5930.75,2.9583333333333335,1.8125,7.395833333333333,15.666666666666666,59.125,"$535,364.58",535364.5833333331,1953.75,-118.30862700000014,33.891005999125994,0,0,0,1,0,0,0,0,0,1,0
Glassell Park,1622.8214285714287,6013.785714285715,2.8214285714285716,2.25,12.142857142857142,5.25,60.92857142857143,"$862,339.29",862339.2857142861,1956.0714285714287,-118.23642729889393,34.11440549912321,1,0,0,0,0,0,1,0,0,0,0
Glendale,1728.0,7667.922077922078,2.824675324675325,2.012987012987013,1.7077922077922079,4.37012987012987,71.4090909090909,"$918,581.17",918581.1688311694,1943.4415584415585,-118.2449270000002,34.192975499122355,0,0,1,0,0,0,0,0,1,0,0
Glendora,1681.2727272727273,9496.654545454545,3.327272727272727,2.1454545454545455,1.790909090909091,3.518181818181818,59.95454545454545,"$708,722.73",708722.7272727278,1957.8363636363636,-117.84178450000023,34.14204099912297,0,0,1,0,0,0,0,1,0,0,0
Gramercy Park,1300.5,5745.3,2.35,1.45,21.2,5.6,76.05,"$508,850.00",508850.0,1937.25,-118.30898400000005,33.949062001923494,1,0,0,0,0,0,1,0,0,0,0
Granada Hills,1808.8715596330276,8740.532110091743,3.614678899082569,2.293577981651376,3.4220183486238533,4.807339449541284,57.44954128440367,"$748,353.21",748353.2110091745,1961.2201834862385,-118.50767050010745,34.29568265115196,0,0,1,0,0,0,0,0,1,0,0
Green Meadows,1071.0833333333333,4853.638888888889,2.5277777777777777,1.3333333333333333,22.11111111111111,6.666666666666667,77.47222222222223,"$522,847.22",522847.22222222225,1940.4444444444443,-118.26148999301319,33.94163409482353,1,0,0,0,0,0,1,0,0,0,0
Hacienda Heights,1823.0857142857142,9152.028571428571,3.5714285714285716,2.3857142857142857,4.585714285714285,5.0285714285714285,51.9,"$639,700.01",639700.0142857137,1964.5857142857142,-117.97508050764819,34.00208550641877,0,0,0,1,0,0,0,0,1,0,0
Hancock Park,1966.6666666666667,5821.5,3.0,2.6666666666666665,6.166666666666667,9.166666666666666,66.83333333333333,"$992,000.00",992000.0,1940.0,-118.3350095,34.07275949912361,1,0,0,0,0,0,0,0,1,0,0
Harbor City,1189.7619047619048,6343.9047619047615,2.761904761904762,1.7142857142857142,5.476190476190476,8.666666666666666,63.95238095238095,"$607,500.00",607500.0,1954.2380952380952,-118.29516400000006,33.79769729669283,0,0,0,1,0,0,0,0,0,1,0
Harbor Gateway,1303.75,6860.555555555556,2.9166666666666665,1.6666666666666667,12.36111111111111,15.527777777777779,67.80555555555556,"$530,986.11",530986.1111111115,1949.111111111111,-118.29530900000007,33.86851549912623,0,0,0,1,0,0,0,0,0,1,0
Harvard Heights,2151.0,7655.0,3.6666666666666665,2.0,13.166666666666666,8.666666666666666,104.0,"$1,089,080.00",1089080.0,1911.3333333333333,-118.307658,34.0450609991241,1,0,0,0,0,0,1,0,0,0,0
Harvard Park,1061.0714285714287,4283.142857142857,2.4285714285714284,1.3571428571428572,22.0,10.714285714285714,93.14285714285714,"$465,500.00",465500.0,1923.7142857142858,-118.30455750000012,33.983762999124835,1,0,0,0,0,0,1,0,0,0,0
Hawaiian Gardens,1190.3225806451612,5490.580645161291,2.806451612903226,1.5161290322580645,8.483870967741936,5.67741935483871,59.354838709677416,"$524,790.32",524790.322580645,1957.8709677419354,-118.07219200000006,33.83060399912671,0,0,0,1,0,0,0,0,0,1,0
Hawthorne,1386.159090909091,5576.159090909091,3.090909090909091,1.8181818181818181,5.7727272727272725,10.477272727272727,66.3409090909091,"$749,772.73",749772.7272727268,1951.2727272727273,-118.34605599620926,33.91402800071786,1,0,0,0,0,0,0,0,0,1,0
Hermosa Beach,1832.1,3071.5,3.2,2.5,2.5,6.1,61.8,"$1,098,200.00",1098200.0,1952.1,-118.39714183223805,33.86477128792458,0,0,1,0,0,0,0,1,0,0,0
Highland Park,1192.896551724138,5345.189655172414,2.310344827586207,1.3620689655172413,13.137931034482758,3.603448275862069,86.63793103448276,"$835,852.10",835852.1034482766,1930.5689655172414,-118.1911965,34.10875899912328,1,0,0,0,0,0,0,0,0,1,0
Historic South-Central,1292.5,5457.928571428572,2.857142857142857,1.2857142857142858,22.142857142857142,10.714285714285714,104.85714285714286,"$514,964.29",514964.2857142856,1911.642857142857,-118.26585700000012,34.01956249912428,1,0,0,0,0,0,1,0,0,0,0
Hollywood,1859.25,5522.166666666667,3.0833333333333335,2.25,6.5,9.0,81.0,"$1,233,750.00",1233750.0,1935.25,-118.33555159977072,34.09440849999958,1,0,0,0,0,0,0,0,1,0,0
Hollywood Hills,1948.4761904761904,6293.880952380952,3.0,2.4761904761904763,1.4285714285714286,3.9761904761904763,67.61904761904762,"$1,067,178.60",1067178.5952380963,1947.357142857143,-118.33541000000008,34.12808899912294,1,0,0,0,0,0,0,0,1,0,0
Hollywood Hills West,1832.5945945945946,6620.810810810811,2.5945945945945947,2.4594594594594597,0.2972972972972973,3.7567567567567566,60.08108108108108,"$1,083,635.14",1083635.1351351358,1953.6216216216217,-118.37025800000006,34.11107149912321,1,0,0,0,0,0,0,0,1,0,0
Huntington Park,1357.909090909091,4870.0,2.6363636363636362,1.7272727272727273,16.727272727272727,13.0,72.0,"$486,090.91",486090.9090909091,1946.3636363636363,-118.2140149952952,33.978967499124934,1,0,0,0,0,0,0,0,0,1,0
Hyde Park,1446.857142857143,5985.057142857143,3.0,1.6,21.02857142857143,5.6571428571428575,92.97142857142858,"$684,800.00",684800.0,1926.8,-118.33775850000006,33.985430999124816,1,0,0,0,0,0,1,0,0,0,0
Inglewood,1430.8823529411766,6008.21568627451,2.803921568627451,1.8431372549019607,14.92156862745098,8.07843137254902,72.41176470588235,"$591,696.08",591696.078431372,1942.235294117647,-118.34611749302944,33.9540675002389,0,0,0,0,0,1,1,0,0,0,0
Irwindale,1302.0,4064.0,2.0,3.0,3.0,8.0,57.0,"$485,000.00",485000.0,1963.0,-117.96667800000012,34.10887449912332,0,0,0,0,1,0,0,0,0,1,0
Jefferson Park,1654.1666666666667,5770.888888888889,3.1666666666666665,1.8333333333333333,22.22222222222222,7.666666666666667,101.72222222222223,"$822,222.22",822222.2222222221,1915.8333333333333,-118.32205850000005,34.028211499124154,1,0,0,0,0,0,1,0,0,0,0
Koreatown,2312.529411764706,7309.588235294118,3.764705882352941,2.3529411764705883,6.235294117647059,8.529411764705882,99.17647058823529,"$1,020,147.06",1020147.0588235294,1916.5882352941176,-118.3049585,34.06451049912376,1,0,0,0,0,0,0,0,1,0,0
La Canada Flintridge,2126.5128205128203,10199.051282051281,3.282051282051282,2.5384615384615383,0.0,4.435897435897436,57.12820512820513,"$1,050,128.21",1050128.2051282052,1953.2564102564102,-118.20046998596307,34.210686999122075,0,1,0,0,0,0,0,1,0,0,0
La Mirada,1606.16,7235.533333333334,3.6,2.2666666666666666,5.72,7.173333333333333,59.14666666666667,"$631,093.33",631093.3333333337,1957.8666666666666,-118.00722099646512,33.90079350019771,0,0,1,0,0,0,0,0,1,0,0
La Puente,1324.969696969697,6962.848484848485,3.484848484848485,1.878787878787879,10.333333333333334,7.848484848484849,60.24242424242424,"$502,772.73",502772.72727272706,1958.7272727272727,-117.95309349690484,34.03313649750627,0,0,0,1,0,0,0,0,0,1,0
La Verne,2034.1538461538462,8560.030769230769,3.5384615384615383,2.5538461538461537,1.6,4.153846153846154,45.89230769230769,"$793,907.69",793907.6923076933,1973.0923076923077,-117.7745250000001,34.124883999123185,0,0,1,0,0,0,0,1,0,0,0
Ladera Heights,2891.0,8333.666666666666,4.25,3.4166666666666665,5.916666666666667,6.583333333333333,46.083333333333336,"$887,500.00",887500.0,1962.5833333333333,-118.37410748609757,33.996097001972416,1,0,0,0,0,0,1,0,0,0,0
Lake View Terrace,1555.5555555555557,7389.222222222223,3.3333333333333335,2.6666666666666665,4.111111111111111,4.444444444444445,43.666666666666664,"$650,722.22",650722.2222222221,1975.111111111111,-118.3618685,34.28376149912124,0,0,1,0,0,0,0,0,0,1,0
Lakewood,1321.6930693069307,5528.306930693069,2.9207920792079207,1.5742574257425743,8.950495049504951,5.158415841584159,66.87128712871286,"$635,693.07",635693.0693069319,1951.069306930693,-118.11305100000018,33.84469299912662,0,0,0,1,0,0,0,0,1,0,0
Lancaster,1915.783464566929,7880.771653543307,3.517716535433071,2.372047244094488,4.568897637795276,2.4901574803149606,30.968503937007874,"$390,837.85",390837.8484252,1987.6830708661416,-118.13179100000016,34.70006611740453,0,0,0,1,0,0,0,0,0,1,0
Larchmont,1602.5,5551.5,2.75,2.125,8.75,6.875,83.75,"$1,143,000.00",1143000.0,1933.0,-118.317809,34.079959499123596,1,0,0,0,0,0,0,0,1,0,0
Lawndale,1281.2105263157894,4869.473684210527,2.8421052631578947,1.5263157894736843,4.842105263157895,6.473684210526316,62.94736842105263,"$552,921.05",552921.0526315791,1952.3684210526317,-118.3564764903399,33.887710499125994,0,0,0,1,0,0,0,0,0,1,0
Leimert Park,1533.7307692307693,5613.7692307692305,2.730769230769231,1.7692307692307692,21.307692307692307,5.538461538461538,84.1923076923077,"$814,543.69",814543.6923076921,1933.8846153846155,-118.32633970815459,34.013050516583704,1,0,0,0,0,0,1,0,0,0,0
Lennox,1099.4,4510.8,2.6,1.2,8.2,11.0,67.2,"$493,400.00",493400.0,1945.6,-118.35714748618386,33.9381744999129,0,0,0,0,0,1,0,0,0,1,0
Lincoln Heights,1110.2,5466.7,2.2,1.2,16.0,13.2,98.0,"$483,900.00",483900.0,1909.9,-118.2103055,34.07041049912373,1,0,0,0,0,0,0,0,0,1,0
Littlerock,1905.0,7135.85294117647,3.4411764705882355,2.4705882352941178,2.8823529411764706,2.088235294117647,23.58823529411765,"$380,897.06",380897.0588235296,1994.9705882352941,-117.97827605507007,34.52132242568059,0,0,0,1,0,0,0,0,0,1,0
Lomita,1514.2592592592594,6373.444444444444,3.111111111111111,2.0,6.185185185185185,6.7407407407407405,66.18518518518519,"$755,370.37",755370.3703703699,1952.2962962962963,-118.31796600000017,33.79130949912721,0,0,0,1,0,0,0,0,0,1,0
Long Beach,1476.98615916955,5510.576124567474,2.866782006920415,1.8581314878892734,9.524221453287197,6.788927335640138,73.21280276816609,"$728,456.75",728456.7474048544,1944.7543252595156,-118.156064,33.80658069997873,1,0,0,0,0,0,0,1,0,0,0
Lopez/Kagel Canyons,1397.3333333333333,5830.333333333333,2.6666666666666665,2.0,1.0,3.6666666666666665,49.666666666666664,"$509,943.33",509943.3333333333,1964.3333333333333,-118.38555850000017,34.300821499121156,0,0,1,0,0,0,0,0,0,1,0
Los Feliz,1956.53125,6779.375,2.9375,2.15625,2.0,2.6875,73.5625,"$988,565.62",988565.625,1937.9375,-118.2884085,34.10785849912326,1,0,0,0,0,0,0,1,0,0,0
Lynwood,1381.125,5331.791666666667,2.9583333333333335,1.7083333333333333,17.166666666666668,12.583333333333334,65.95833333333333,"$460,541.67",460541.66666666657,1950.125,-118.20282648482208,33.92521349912553,1,0,0,0,0,0,0,0,0,1,0
Malibu,2213.2,5110.4,3.0,3.2,0.0,2.2,24.6,"$869,400.00",869400.0,1977.0,-118.7542537868066,34.033895486545326,0,0,0,1,0,0,0,1,0,0,0
Manchester Square,1454.6315789473683,5740.315789473684,2.473684210526316,1.4736842105263157,22.63157894736842,6.526315789473684,84.52631578947368,"$597,289.47",597289.4736842104,1932.0,-118.30898400000005,33.967165274809105,1,0,0,0,0,0,1,0,0,0,0
Manhattan Beach,2271.4444444444443,4637.75,3.5555555555555554,2.9444444444444446,1.75,8.055555555555555,30.61111111111111,"$795,847.22",795847.2222222228,1971.388888888889,-118.40093919800572,33.88950799912606,0,0,1,0,0,0,0,1,0,0,0
Mar Vista,1457.3877551020407,5869.0,2.816326530612245,1.9183673469387754,3.4693877551020407,8.387755102040817,66.16326530612245,"$1,121,010.20",1121010.2040816324,1947.6530612244899,-118.43668192517818,34.01024217307629,1,0,0,0,0,0,0,0,0,1,0
Marina del Rey,2774.0,3150.0,3.0,2.0,1.0,5.0,20.0,"$986,000.00",986000.0,1979.0,-118.44786948141424,33.97532350426842,0,0,0,1,0,0,0,0,0,1,0
Mayflower Village,1282.2857142857142,6971.571428571428,3.2142857142857144,1.4285714285714286,2.642857142857143,7.642857142857143,69.35714285714286,"$629,071.43",629071.4285714284,1947.5,-118.00229999282959,34.117318103307944,0,0,1,0,0,0,0,0,1,0,0
Maywood,801.6666666666666,4490.333333333333,2.0,1.0,11.666666666666666,15.0,74.66666666666667,"$558,333.33",558333.3333333334,1937.6666666666667,-118.18730300000013,33.98833899912478,0,0,0,1,0,0,0,0,0,1,0
Mid-City,1448.1333333333334,5606.483333333334,2.6,1.7333333333333334,12.966666666666667,8.933333333333334,84.38333333333334,"$1,022,775.00",1022775.0,1932.45,-118.35880950000006,34.04110749912407,1,0,0,0,0,0,0,0,0,1,0
Mid-Wilshire,1839.904761904762,6688.476190476191,2.9523809523809526,1.7619047619047619,8.142857142857142,5.428571428571429,91.47619047619048,"$1,196,500.00",1196500.0,1924.857142857143,-118.3431095,34.059609499123724,1,0,0,0,0,0,0,0,0,1,0
Mission Hills,1218.5,6802.75,2.75,2.0,9.25,7.25,67.75,"$645,000.00",645000.0,1952.5,-118.45716250000007,34.271661499121265,0,0,1,0,0,0,0,0,1,0,0
Monrovia,1423.375,7383.208333333333,2.9166666666666665,1.875,2.5416666666666665,5.458333333333333,75.0,"$869,791.67",869791.6666666666,1945.0,-117.98179100000009,34.14860834580074,0,0,1,0,0,0,0,0,0,1,0
Montebello,1632.2045454545455,6266.386363636364,3.227272727272727,2.1818181818181817,10.840909090909092,6.454545454545454,59.79545454545455,"$586,261.39",586261.3863636366,1957.0454545454545,-118.10833743364199,34.01031499818902,0,0,0,1,0,0,0,0,0,1,0
Montecito Heights,1336.6363636363637,6099.272727272727,2.727272727272727,1.6818181818181819,11.318181818181818,3.5,62.18181818181818,"$819,685.95",819685.9545454547,1955.2727272727273,-118.19427049999999,34.093658999123406,1,0,0,0,0,0,0,0,0,1,0
Monterey Park,1566.4615384615386,6865.615384615385,3.173076923076923,1.9423076923076923,4.384615384615385,4.75,64.42307692307692,"$698,125.00",698125.0,1953.0384615384614,-118.13161942411986,34.04942799912406,0,0,1,0,0,0,0,1,0,0,0
Mount Washington,1353.5428571428572,5742.2,2.5714285714285716,1.9142857142857144,16.514285714285716,3.5714285714285716,65.6,"$936,171.43",936171.4285714289,1951.942857142857,-118.2190065,34.103158999123266,1,0,0,0,0,0,0,0,0,1,0
North El Monte,1515.3333333333333,6118.888888888889,3.4444444444444446,1.8888888888888888,1.0,3.888888888888889,65.0,"$691,666.67",691666.6666666666,1952.2222222222222,-118.0235429885794,34.10248323136111,0,0,1,0,0,0,0,0,1,0,0
North Hills,1661.71875,7551.25,3.0625,2.3125,4.75,5.5625,53.03125,"$638,468.75",638468.75,1963.71875,-118.47711700000006,34.23870249912173,0,0,1,0,0,0,0,0,0,1,0
North Hollywood,1383.4705882352941,6373.794117647059,2.735294117647059,1.8823529411764706,10.029411764705882,7.720588235294118,70.61764705882354,"$783,875.00",783875.0,1947.6911764705883,-118.37966349999999,34.17793849912235,0,0,1,0,0,0,0,0,0,1,0
North Whittier,1942.5,10010.666666666666,3.0,2.5,1.5,3.1666666666666665,60.0,"$675,000.00",675000.0,1956.6666666666667,-118.02918914224676,34.00571484403238,0,0,0,1,0,0,0,0,0,1,0
Northridge,1937.111111111111,8781.777777777777,3.5555555555555554,2.6666666666666665,1.3333333333333333,5.333333333333333,48.111111111111114,"$771,222.22",771222.2222222221,1968.888888888889,-118.52796900000007,34.23880549912161,0,0,1,0,0,0,0,0,0,1,0
Northwest Palmdale,2187.901639344262,7520.803278688524,3.6721311475409837,2.6557377049180326,4.278688524590164,2.901639344262295,23.983606557377048,"$448,385.25",448385.24590163963,1995.5573770491803,-118.17887478361382,34.62560895379748,0,0,0,1,0,0,0,0,1,0,0
Norwalk,1230.5396825396826,5471.849206349207,2.9285714285714284,1.4841269841269842,15.992063492063492,5.738095238095238,66.18253968253968,"$526,108.89",526108.8888888882,1951.8253968253969,-118.07693800000014,33.90716899912582,0,0,0,1,0,0,0,0,0,1,0
Pacific Palisades,1990.5384615384614,7207.153846153846,3.0,2.5384615384615383,0.6153846153846154,3.6153846153846154,56.30769230769231,"$1,036,461.54",1036461.5384615381,1949.1538461538462,-118.54585899824386,34.07836673369496,0,0,0,1,0,0,0,1,0,0,0
Pacoima,1254.7674418604652,7033.069767441861,3.13953488372093,1.813953488372093,18.558139534883722,13.325581395348838,62.16279069767442,"$498,534.88",498534.8837209306,1954.860465116279,-118.41890850000007,34.26360659127154,0,0,1,0,0,0,0,0,0,1,0
Palmdale,1485.2735042735044,7130.290598290599,3.1709401709401708,2.1367521367521367,3.5128205128205128,2.5128205128205128,37.75213675213675,"$340,816.24",340816.2393162398,1980.3846153846155,-118.10809351531806,34.58542199911763,0,0,0,1,0,0,0,0,0,1,0
Palms,1533.875,5706.75,2.75,1.875,2.0625,7.1875,65.25,"$846,000.00",846000.0,1940.8125,-118.40902995476588,34.02459752672537,1,0,0,0,0,0,0,0,1,0,0
Palos Verdes Estates,2505.470588235294,9196.882352941177,3.4705882352941178,2.8823529411764706,1.1176470588235294,2.588235294117647,42.64705882352941,"$984,205.88",984205.8823529409,1964.0,-118.39012200169401,33.783316814743465,0,1,0,0,0,0,0,1,0,0,0
Panorama City,1359.7058823529412,5727.35294117647,3.1176470588235294,1.7647058823529411,6.235294117647059,9.529411764705882,66.41176470588235,"$615,852.94",615852.9411764705,1953.8235294117646,-118.44521550000007,34.2295029991217,0,0,1,0,0,0,0,0,0,1,0
Paramount,1171.625,5209.25,2.8333333333333335,1.5833333333333333,7.875,14.5,66.70833333333333,"$468,937.50",468937.5,1950.2083333333333,-118.16539050000017,33.89915449912591,1,0,0,0,0,0,0,0,0,1,0
Pasadena,1597.3191489361702,7763.86524822695,2.851063829787234,1.8794326241134751,2.9361702127659575,3.425531914893617,80.13475177304964,"$902,643.62",902643.6170212774,1937.063829787234,-118.13180900000009,34.18459099912242,0,0,0,1,0,0,0,0,0,1,0
Pico Rivera,1274.5616438356165,5869.068493150685,2.9178082191780823,1.63013698630137,12.73972602739726,6.287671232876712,64.52054794520548,"$484,431.51",484431.50684931525,1951.1780821917807,-118.08161950000004,33.98960449912482,0,0,0,1,0,0,0,0,0,1,0
Pico-Robertson,1860.8461538461538,5739.076923076923,2.769230769230769,1.9230769230769231,3.769230769230769,7.230769230769231,82.15384615384616,"$1,199,461.54",1199461.5384615383,1933.1538461538462,-118.39132550000005,34.05373199912394,1,0,0,0,0,0,0,0,0,1,0
Pico-Union,1834.2,6242.6,3.4,1.4,18.4,6.4,109.0,"$693,600.00",693600.0,1902.8,-118.28470750000005,34.04416149912401,1,0,0,0,0,0,1,0,0,0,0
Playa Vista,1717.0,5113.0,3.5714285714285716,2.4285714285714284,5.571428571428571,10.714285714285714,54.285714285714285,"$1,122,805.71",1122805.7142857143,1961.2857142857142,-118.41364800000007,33.9769254991248,1,0,0,0,0,0,0,0,0,1,0
Playa del Rey,2173.125,5638.875,3.375,2.5,0.0,6.0,38.875,"$890,687.50",890687.5,1965.375,-118.44133951162496,33.945661530783255,0,0,0,1,0,0,0,0,0,1,0
Pomona,1447.3312883435583,7267.588957055214,3.1104294478527605,1.803680981595092,9.067484662576687,5.668711656441718,62.88957055214724,"$539,906.58",539906.5828220848,1955.4233128834355,-117.7699420000001,34.06572349912386,0,0,0,0,0,1,0,0,0,1,0
Quartz Hill,2264.4313725490197,11796.882352941177,3.7058823529411766,2.4901960784313726,1.9411764705882353,2.372549019607843,29.15686274509804,"$529,617.65",529617.6470588231,1988.6274509803923,-118.21863657473801,34.65487815033528,0,0,0,1,0,0,0,0,1,0,0
Rancho Palos Verdes,2056.5245901639346,9745.262295081968,3.639344262295082,2.557377049180328,0.9508196721311475,2.8360655737704916,51.09836065573771,"$1,044,052.13",1044052.131147541,1962.1311475409836,-118.35980750108605,33.75869892565828,0,1,0,0,0,0,0,1,0,0,0
Rancho Park,1254.6666666666667,6040.555555555556,2.7777777777777777,1.6666666666666667,2.7777777777777777,6.444444444444445,63.77777777777778,"$874,944.44",874944.4444444443,1944.4444444444443,-118.42312500000006,34.0343149991241,1,0,0,0,0,0,0,1,0,0,0
Redondo Beach,1507.123076923077,5066.6461538461535,3.076923076923077,2.0,3.4461538461538463,5.953846153846154,56.246153846153845,"$1,010,884.62",1010884.6153846158,1959.8461538461538,-118.37710100127826,33.854633999126435,0,0,1,0,0,0,0,1,0,0,0
Rolling Hills,1872.0,11993.333333333334,2.6666666666666665,2.3333333333333335,0.0,4.0,65.66666666666667,"$1,071,666.67",1071666.6666666667,1954.3333333333333,-118.3481265000002,33.76268299912755,0,1,0,0,0,0,0,1,0,0,0
Rolling Hills Estates,2142.25,12921.625,3.75,2.5,0.0,3.75,54.375,"$1,070,750.00",1070750.0,1955.0,-118.35453350000017,33.776429999127444,0,1,0,0,0,0,0,1,0,0,0
Rosemead,1352.5,6776.892857142857,2.8214285714285716,1.75,5.571428571428571,8.178571428571429,65.10714285714286,"$553,160.71",553160.7142857144,1950.2142857142858,-118.08187550000011,34.064645999123826,0,0,0,1,0,0,0,1,0,0,0
Rowland Heights,2135.3802816901407,8234.43661971831,4.0,2.8028169014084505,2.647887323943662,3.535211267605634,40.267605633802816,"$678,992.96",678992.9577464784,1975.8309859154929,-117.89399129564529,33.97357499912506,0,1,0,0,0,0,0,1,0,0,0
San Dimas,1801.4,9030.709090909091,3.5454545454545454,2.2545454545454544,1.6363636363636365,4.345454545454546,47.70909090909091,"$709,945.45",709945.454545454,1970.2363636363636,-117.81326850000013,34.11525949912321,0,0,1,0,0,0,0,1,0,0,0
San Fernando,1379.6842105263158,6103.315789473684,2.8421052631578947,1.7894736842105263,18.842105263157894,8.578947368421053,70.73684210526316,"$537,157.89",537157.894736842,1947.2105263157894,-118.43598850000011,34.288998499121206,0,0,1,0,0,0,0,0,0,1,0
San Gabriel,1563.725,7431.925,2.925,2.025,4.875,5.975,72.475,"$817,600.00",817600.0,1944.525,-118.09900700000023,34.093215999123494,0,0,1,0,0,0,0,0,1,0,0
San Marino,1952.2666666666667,9389.666666666666,3.2,2.066666666666667,0.5333333333333333,4.733333333333333,75.66666666666667,"$1,129,833.33",1129833.3333333335,1938.9333333333334,-118.11505449283317,34.12129999912319,0,1,0,0,0,0,0,1,0,0,0
San Pasqual,2076.0,8175.5,4.0,2.5,0.25,2.5,86.25,"$1,192,000.00",1192000.0,1929.5,-118.10297194101678,34.13938721822464,0,0,0,1,0,0,0,0,1,0,0
San Pedro,1476.6607142857142,6196.125,2.8035714285714284,1.7678571428571428,10.107142857142858,5.446428571428571,73.14285714285714,"$781,526.79",781526.7857142857,1945.8214285714287,-118.28508539395716,33.74337749063614,0,1,0,0,0,0,0,0,0,1,0
Santa Clarita,1996.5079872204474,7524.341853035144,3.686900958466454,2.635782747603834,1.1086261980830672,4.437699680511182,38.543130990415335,"$670,650.16",670650.162939301,1980.8658146964856,-118.49476193960714,34.40885549914785,0,0,1,0,0,0,0,1,0,0,0
Santa Fe Springs,1167.5454545454545,5924.636363636364,3.090909090909091,1.5454545454545454,14.0,10.818181818181818,63.45454545454545,"$489,272.73",489272.72727272747,1952.3636363636363,-118.06368000000016,33.928934999496654,0,0,0,0,0,1,0,0,1,0,0
Santa Monica,1813.7368421052631,5447.631578947368,2.6842105263157894,1.894736842105263,2.6842105263157894,12.0,62.78947368421053,"$897,342.11",897342.1052631583,1944.0526315789473,-118.48056671004807,34.021860499124415,0,0,0,1,0,0,0,1,0,0,0
Sawtelle,1197.65,5779.8,2.7,1.35,3.55,12.3,69.7,"$1,102,050.00",1102050.0,1945.65,-118.45059109758868,34.03506728275898,1,0,0,0,0,0,0,0,0,1,0
Shadow Hills,1705.4666666666667,8812.733333333334,3.2,2.0,0.9333333333333333,6.333333333333333,61.333333333333336,"$712,266.67",712266.6666666666,1954.2666666666667,-118.32881067473647,34.23942849912176,0,0,1,0,0,0,1,0,0,0,0
Sherman Oaks,2179.75,7401.25,3.1666666666666665,2.75,0.0,2.3333333333333335,63.333333333333336,"$1,117,250.00",1117250.0,1951.1666666666667,-118.441514,34.149005499122715,0,0,0,1,0,0,0,0,1,0,0
Sierra Madre,1532.9285714285713,8777.5,2.5714285714285716,1.7857142857142858,2.2857142857142856,2.9285714285714284,67.0,"$893,500.00",893500.0,1950.0714285714287,-118.04883650000005,34.16811299912264,0,1,0,0,0,0,0,1,0,0,0
Signal Hill,1803.142857142857,5593.142857142857,2.857142857142857,2.2857142857142856,7.428571428571429,14.571428571428571,47.857142857142854,"$775,714.29",775714.2857142856,1972.142857142857,-118.16716650000018,33.80437599912704,1,0,0,0,0,0,0,0,1,0,0
Silver Lake,1440.906976744186,5062.674418604651,2.395348837209302,1.930232558139535,7.441860465116279,5.441860465116279,72.67441860465117,"$989,197.67",989197.6744186054,1944.6976744186047,-118.2677075,34.094459499123445,1,0,0,0,0,0,0,0,1,0,0
South El Monte,1230.2857142857142,7068.071428571428,3.2142857142857144,1.5,6.357142857142857,13.214285714285714,60.857142857142854,"$484,071.43",484071.42857142846,1952.9285714285713,-118.0485320000002,34.048729098531766,0,0,0,1,0,0,0,0,1,0,0
South Gate,1281.5849056603774,5729.056603773585,2.7735849056603774,1.5849056603773586,14.830188679245284,13.377358490566039,77.39622641509433,"$480,669.81",480669.8113207553,1938.9811320754718,-118.19381199294568,33.93815849918508,1,0,0,0,0,0,0,0,0,1,0
South Park,1278.9,5616.9,2.6,1.2,22.2,15.3,93.7,"$448,800.00",448800.0,1918.9,-118.268757,33.996463999124586,1,0,0,0,0,0,0,0,0,1,0
South Pasadena,1632.076923076923,7659.538461538462,2.6923076923076925,1.7307692307692308,3.3846153846153846,4.5,82.23076923076923,"$929,307.69",929307.6923076921,1931.1538461538462,-118.15623650000006,34.11216899912327,0,0,1,0,0,0,0,1,0,0,0
South San Gabriel,1336.5714285714287,7264.0,2.7142857142857144,1.5714285714285714,2.4285714285714284,2.5714285714285716,62.0,"$586,857.14",586857.1428571428,1958.0,-118.08974290054033,34.06649262172928,0,0,0,1,0,0,0,1,0,0,0
South San Jose Hills,1158.8,6459.333333333333,3.2,1.2666666666666666,4.0,6.6,55.86666666666667,"$513,066.67",513066.6666666668,1960.6666666666667,-117.90184498555011,34.014947000828826,0,0,0,1,0,0,0,0,0,1,0
South Whittier,1289.118811881188,6636.59405940594,3.128712871287129,1.6732673267326732,8.663366336633663,6.148514851485149,63.663366336633665,"$552,866.34",552866.3366336621,1954.930693069307,-118.0280174858583,33.93619600094783,0,0,0,1,0,0,0,0,1,0,0
Southeast Antelope Valley,2264.4,6121.2,3.2,3.0,1.0,3.0,13.0,"$397,800.00",397800.0,2005.2,-117.92981254313324,34.466085813777,0,0,0,1,0,0,0,0,1,0,0
Stevenson Ranch,3063.68,8386.08,4.2,3.72,0.08,4.0,19.6,"$961,160.00",961160.0,1998.4,-118.58387954676732,34.394100486491,0,0,1,0,0,0,0,1,0,0,0
Studio City,2260.8125,7903.0,3.1875,2.875,5.4375,4.6875,55.125,"$1,062,625.00",1062625.0,1959.25,-118.38747919966544,34.137891999122886,0,0,1,0,0,0,0,1,0,0,0
Sun Valley,1398.0,7118.672131147541,3.0655737704918034,1.901639344262295,12.540983606557377,12.01639344262295,67.55737704918033,"$631,680.33",631680.3278688522,1950.0655737704917,-118.3843172128845,34.22661749912173,0,0,1,0,0,0,0,0,0,1,0
Sun Village,2577.4166666666665,7771.833333333333,3.9166666666666665,2.75,0.75,2.5833333333333335,13.416666666666666,"$410,083.33",410083.3333333333,2006.5833333333333,-117.95659832063463,34.55769669238235,0,0,0,1,0,0,0,0,0,1,0
Sunland,1549.857142857143,6356.285714285715,2.7857142857142856,2.0,6.785714285714286,3.7857142857142856,62.142857142857146,"$747,857.14",747857.142857143,1958.0,-118.31202250000007,34.27073099912134,0,0,1,0,0,0,0,0,1,0,0
Sylmar,1520.75,7644.466666666666,3.2666666666666666,2.1333333333333333,11.75,6.75,56.36666666666667,"$603,283.33",603283.3333333331,1963.2833333333333,-118.45205006616247,34.308403858579155,0,0,1,0,0,0,0,0,0,1,0
Temple City,1626.1702127659576,7568.04255319149,3.0851063829787235,2.0425531914893615,1.9148936170212767,5.361702127659575,59.40425531914894,"$828,031.94",828031.9361702128,1957.8510638297873,-118.05489926123286,34.103177499123404,0,0,1,0,0,0,0,1,0,0,0
Toluca Lake,1476.0,6837.5,2.4166666666666665,2.0,6.083333333333333,6.166666666666667,73.33333333333333,"$1,028,208.33",1028208.3333333335,1943.9166666666667,-118.35795100000007,34.15349309467193,0,0,1,0,0,0,0,0,0,1,0
Topanga,1937.111111111111,9087.333333333334,2.6666666666666665,2.0,0.2222222222222222,2.4444444444444446,49.333333333333336,"$1,017,555.56",1017555.5555555557,1964.2222222222222,-118.60842021657524,34.092639152756504,0,1,0,0,0,0,0,0,1,0,0
Torrance,1739.3917525773195,6152.09793814433,3.484536082474227,2.2371134020618557,2.9948453608247423,8.922680412371134,57.65979381443299,"$925,559.28",925559.2783505132,1958.2938144329896,-118.35171088115038,33.83363899912668,0,0,1,0,0,0,0,1,0,0,0
Tujunga,1555.4761904761904,6725.380952380952,3.1904761904761907,2.238095238095238,4.9523809523809526,3.7142857142857144,61.523809523809526,"$763,000.00",763000.0,1957.2857142857142,-118.2818,34.26134009006462,0,0,1,0,0,0,0,0,1,0,0
Unincorporated Santa Monica Mountains,1937.5,12323.75,3.0,3.25,0.0,2.0,31.0,"$1,330,875.00",1330875.0,1987.5,-118.77026791367985,34.08764574746935,0,0,0,1,0,0,0,1,0,0,0
University Park,2178.0,6334.333333333333,4.333333333333333,1.3333333333333333,14.0,8.333333333333334,120.66666666666667,"$913,000.00",913000.0,1899.3333333333333,-118.28280750000005,34.02811399912429,1,0,0,0,0,0,1,0,0,0,0
Valinda,1388.2380952380952,7261.952380952381,3.0952380952380953,1.8571428571428572,6.857142857142857,4.523809523809524,62.523809523809526,"$546,523.81",546523.8095238096,1956.4761904761904,-117.93079549289092,34.03845250216805,0,0,0,1,0,0,0,0,0,1,0
Valley Glen,1559.1052631578948,6827.526315789473,3.1578947368421053,1.894736842105263,7.105263157894737,5.157894736842105,69.0,"$847,500.00",847500.0,1948.7894736842106,-118.4145170000001,34.18950449912223,0,0,1,0,0,0,0,0,0,1,0
Valley Village,1981.25,7441.916666666667,2.6666666666666665,2.1666666666666665,6.0,3.6666666666666665,73.25,"$1,125,166.67",1125166.6666666665,1942.5,-118.39620200000005,34.163355999122615,0,0,1,0,0,0,0,1,0,0,0
Venice,1634.857142857143,4018.0476190476193,2.619047619047619,1.9523809523809523,2.5238095238095237,9.19047619047619,64.04761904761905,"$927,500.00",927500.0,1943.095238095238,-118.46284569710343,33.98627321715173,0,0,0,1,0,0,0,0,0,1,0
Vermont Knolls,1381.0,5352.222222222223,2.7777777777777777,1.6666666666666667,22.22222222222222,5.444444444444445,91.22222222222223,"$579,777.78",579777.7777777779,1927.5555555555557,-118.29050700000013,33.967009999125,1,0,0,0,0,0,1,0,0,0,0
Vermont Square,1485.892857142857,5698.0,2.892857142857143,1.4642857142857142,22.357142857142858,8.392857142857142,104.39285714285714,"$624,428.57",624428.5714285712,1914.4642857142858,-118.29880750000001,34.00206299912453,1,0,0,0,0,0,1,0,0,0,0
Vermont Vista,1147.7826086956522,5343.869565217391,2.391304347826087,1.3478260869565217,22.17391304347826,7.173913043478261,87.08695652173913,"$507,527.39",507527.3913043477,1932.3478260869565,-118.28545100000014,33.94170804236504,1,0,0,0,0,0,1,0,0,0,0
Vermont-Slauson,1107.9411764705883,4691.882352941177,2.5294117647058822,1.2941176470588236,22.11764705882353,10.117647058823529,93.41176470588235,"$455,382.35",455382.3529411766,1921.6470588235295,-118.29035750000011,33.98391399912471,1,0,0,0,0,0,1,0,0,0,0
Vincent,1267.6333333333334,6537.7,3.2,1.6666666666666667,5.866666666666666,6.033333333333333,62.86666666666667,"$506,450.00",506450.0,1955.8,-117.9247939857519,34.09951050296921,0,0,0,1,0,0,0,0,1,0,0
Walnut,2087.1020408163267,10028.673469387755,3.7755102040816326,2.6530612244897958,1.653061224489796,3.0,37.51020408163265,"$793,989.80",793989.7959183677,1978.2857142857142,-117.86012600000016,34.03324799912426,0,0,1,0,0,0,0,1,0,0,0
Walnut Park,1373.5,7835.0,2.5,1.5,21.0,8.5,76.0,"$347,000.00",347000.0,1922.5,-118.2205114788757,33.96698150372215,1,0,0,0,0,0,1,0,0,0,0
Watts,1173.04,4548.6,2.96,1.76,22.08,12.92,62.84,"$432,900.00",432900.0,1956.76,-118.2399365,33.94161900130861,1,0,0,0,0,0,1,0,0,0,0
West Adams,1319.7777777777778,4530.388888888889,2.5555555555555554,1.4444444444444444,19.22222222222222,10.333333333333334,85.94444444444444,"$816,083.33",816083.3333333335,1928.388888888889,-118.35517858045984,34.02886149912419,1,0,0,0,0,0,1,0,0,0,0
West Carson,1671.7619047619048,5824.523809523809,3.5238095238095237,2.2857142857142856,12.761904761904763,12.571428571428571,57.0,"$668,833.33",668833.3333333335,1960.7619047619048,-118.29227748370761,33.82207250060746,0,0,1,0,0,0,0,0,0,1,0
West Compton,1234.6666666666667,6046.833333333333,2.8333333333333335,1.3333333333333333,10.5,15.333333333333334,58.666666666666664,"$406,166.67",406166.6666666667,1954.0,-118.26773698606382,33.89413650249922,0,0,0,0,1,0,1,0,0,0,0
West Covina,1557.7364341085272,8642.356589147286,3.3410852713178296,2.108527131782946,8.310077519379846,4.248062015503876,59.98449612403101,"$593,391.47",593391.4728682177,1957.6046511627908,-117.91269950000019,34.047182499124105,0,0,1,0,0,0,0,0,1,0,0
West Hills,1841.8294573643411,8868.550387596899,3.5891472868217056,2.4108527131782944,3.5813953488372094,3.565891472868217,53.333333333333336,"$787,943.64",787943.6356589157,1965.4341085271317,-118.63539850000006,34.207253636931036,0,1,0,0,0,0,0,1,0,0,0
West Hollywood,1374.0,5028.0,2.25,1.75,1.25,9.75,79.5,"$806,625.00",806625.0,1926.75,-118.36961300000019,34.08721323709856,1,0,0,0,0,0,0,0,1,0,0
West Los Angeles,1573.076923076923,6227.307692307692,2.923076923076923,2.076923076923077,4.076923076923077,8.076923076923077,80.3076923076923,"$1,086,230.77",1086230.7692307695,1928.7692307692307,-118.4307445,34.04722049912392,1,0,0,0,0,0,0,0,1,0,0
West Puente Valley,1286.7297297297298,6578.216216216216,3.3513513513513513,1.945945945945946,7.621621621621622,6.621621621621622,60.08108108108108,"$490,486.49",490486.4864864867,1956.4594594594594,-117.96992450000026,34.04986049390857,0,0,0,1,0,0,0,0,0,1,0
West San Dimas,2040.0,16373.0,3.0,3.0,3.0,3.0,48.0,"$385,000.00",385000.0,1954.0,-117.83509899236435,34.08743165988433,0,0,0,1,0,0,0,0,1,0,0
West Whittier-Los Nietos,1241.1463414634147,6369.829268292683,3.024390243902439,1.3658536585365855,11.024390243902438,9.926829268292684,68.29268292682927,"$535,621.95",535621.9512195126,1948.9756097560976,-118.07001998587738,33.98055999993961,0,0,0,1,0,0,0,0,0,1,0
Westchester,1631.3050847457628,6644.983050847458,3.288135593220339,2.0,3.593220338983051,7.406779661016949,69.15254237288136,"$1,104,146.37",1104146.3728813548,1947.457627118644,-118.39829259016352,33.95599525987285,1,0,0,0,0,0,0,0,0,1,0
Westlake,2345.6666666666665,4853.333333333333,7.333333333333333,4.0,19.333333333333332,13.666666666666666,105.66666666666667,"$731,333.33",731333.3333333334,1912.6666666666667,-118.27222100000006,34.062360999123754,1,0,0,0,0,0,0,0,0,1,0
Westmont,1087.923076923077,5835.076923076923,2.4615384615384617,1.1538461538461537,19.46153846153846,6.384615384615385,77.76923076923077,"$519,346.15",519346.15384615393,1938.2307692307693,-118.30463897559736,33.94520750243695,1,0,0,0,0,0,1,0,0,0,0
Westwood,2921.5,10719.0,3.0,3.0,1.5,5.5,60.0,"$511,250.00",511250.0,1939.5,-118.44047994677246,34.06523499912381,1,0,0,0,0,0,0,0,1,0,0
Whittier,1450.320610687023,7083.175572519084,2.9160305343511452,1.6717557251908397,4.770992366412214,5.00763358778626,69.32824427480917,"$629,087.79",629087.7862595421,1949.4122137404581,-118.01891099569201,33.97944100062401,0,0,0,1,0,0,0,0,1,0,0
Willowbrook,1222.04,5165.16,2.96,1.24,13.92,12.92,72.28,"$427,300.00",427300.0,1947.84,-118.25231247908229,33.91571050382859,1,0,0,0,0,0,1,0,0,0,0
Wilmington,1204.21875,5318.5,2.8125,1.59375,16.6875,15.125,66.1875,"$442,296.88",442296.875,1948.84375,-118.25918700000008,33.79129350128175,0,0,0,1,0,0,0,0,0,1,0
Windsor Square,2336.25,7491.75,3.0,2.5,5.0,3.5,92.25,"$1,126,750.00",1126750.0,1919.0,-118.31990900000005,34.06910849912372,1,0,0,0,0,0,0,0,1,0,0
Winnetka,1434.75,7574.75,4.0,2.25,6.75,8.0,65.0,"$605,500.00",605500.0,1954.75,-118.57521950000014,34.21045949912199,0,1,0,0,0,0,0,0,0,1,0
Woodland Hills,2164.1935483870966,9108.838709677419,3.458064516129032,2.574193548387097,1.6387096774193548,3.335483870967742,56.21935483870968,"$975,429.04",975429.0387096736,1962.8709677419354,-118.61521650000006,34.159408692550485,0,1,0,0,0,0,0,1,0,0,0
